,ALI=F,GLNCY,HG=F,LIT,REMX,S32.AX,SYR.AX,TIO=F,VALE
2018-01-02,2244.5,7.562641143798828,3.25600004196167,36.15058898925781,71.82369232177734,2.554052352905273,4.502288818359375,73.9000015258789,6.606471538543701
2018-01-03,2244.5,7.442709922790527,3.236999988555908,36.34195709228516,72.94776916503906,2.604987859725952,4.521407127380371,73.43000030517578,6.647858142852783
2018-01-04,2244.5,7.470929622650146,3.242500066757202,36.30551910400391,73.83766174316406,2.5904345512390137,4.492730140686035,74.61000061035156,6.637510299682617
2018-01-05,2244.5,7.414491176605225,3.2070000171661377,36.90696334838867,74.61046600341797,2.6559226512908936,4.616996765136719,75.38999938964844,6.772019863128662
2018-01-08,2244.5,7.56969404220581,3.200999975204468,37.435508728027344,74.7743911743164,2.6559226512908936,4.492730140686035,76.98999786376953,6.891007423400879
2018-01-09,2244.5,7.576748847961426,3.194499969482422,37.23501968383789,75.21932983398438,2.71413516998291,4.559642791748047,77.62000274658203,6.849622249603272
2018-01-10,2244.5,7.724897861480713,3.2149999141693115,36.73382186889648,74.54020690917969,2.6850290298461914,4.330226898193359,77.4000015258789,6.803060531616211
2018-01-11,2244.5,7.781335830688477,3.213500022888184,36.86139297485352,74.7509765625,2.7068588733673096,4.215518951416016,77.72000122070312,6.958264350891113
2018-01-12,2244.5,7.887157440185547,3.200000047683716,37.0618782043457,76.226318359375,2.816006183624268,4.244195938110352,77.37000274658203,6.999650478363037
2018-01-15,,,,,,2.8887715339660645,4.32066822052002,,
2018-01-16,2244.5,7.809554100036621,3.1989998817443848,36.29640579223633,75.21932983398438,2.896047592163086,4.406699180603027,76.51000213623047,6.813406944274902
2018-01-17,2244.5,7.9718146324157715,3.1665000915527344,36.41487121582031,74.89148712158203,2.852389097213745,4.387580871582031,76.2699966430664,6.906529903411865
2018-01-18,2244.5,7.978866577148437,3.177000045776367,35.04794692993164,72.97119140625,2.779623508453369,4.25375509262085,76.18000030517578,6.906529903411865
2018-01-19,2244.5,7.964759826660156,3.1670000553131104,34.774559020996094,72.03446197509766,2.801453351974488,4.139047145843506,76.68000030517578,6.911702156066895
2018-01-22,2244.5,7.936538219451904,3.177500009536743,34.64697265625,72.43257904052734,2.728688240051269,4.129487991333008,76.5999984741211,6.891007423400879
2018-01-23,2244.5,7.710790634155273,3.0894999504089355,34.883914947509766,73.6971664428711,2.772346973419189,4.244195938110352,75.95999908447266,6.570256233215332
2018-01-24,2244.5,7.950649738311768,3.2084999084472656,34.9385871887207,74.5636215209961,2.779623508453369,4.158164978027344,76.20999908447266,6.818581581115723
2018-01-25,2244.5,7.901266098022461,3.1989998817443848,35.221092224121094,74.84464263916016,2.786900281906128,3.928749084472656,76.20999908447266,6.699592113494873
2018-01-26,2244.5,8.000031471252441,3.182499885559082,35.15729904174805,74.5636215209961,,,76.20999908447266,6.78236722946167
2018-01-29,,8.21167278289795,,34.874794006347656,74.25919342041016,2.8887715339660645,3.9096310138702393,76.0999984741211,6.7513275146484375
2018-01-30,2250.0,8.141125679016113,3.177000045776367,34.32802963256836,71.8939437866211,2.786900281906128,3.871395111083984,75.98999786376953,6.720285415649414
2018-01-31,2250.0,8.063523292541504,3.184000015258789,34.209564208984375,71.47242736816406,2.779623508453369,3.77580499649048,75.86000061035156,6.772019863128662
2018-02-01,2250.0,8.021197319030762,3.197000026702881,33.61723327636719,72.17497253417969,2.830559253692627,3.747128009796143,71.98999786376953,6.818581581115723
2018-02-02,2250.0,7.485037803649902,3.176500082015991,32.30498123168945,69.8565673828125,2.786900281906128,3.584625005722046,72.94000244140625,6.487481117248535
2018-02-05,2250.0,7.329836845397949,3.2105000019073486,31.1385440826416,66.78878021240234,2.71413516998291,3.3360910415649414,74.33999633789062,6.409879684448242
2018-02-06,2250.0,7.61202335357666,3.177500009536743,31.86756896972656,67.72550201416016,2.626817226409912,3.1735880374908447,74.43000030517578,6.756499290466309
2018-02-07,2250.0,7.358054637908935,3.076499938964844,32.031593322753906,67.84260559082031,2.69230580329895,3.2500600814819336,75.19999694824219,6.575429916381836
2018-02-08,2250.0,7.0476484298706055,3.072000026702881,31.07474708557129,64.75138854980469,2.699582099914551,3.2213830947875977,75.69000244140625,6.394359111785889
2018-02-09,2250.0,7.082920074462891,3.024499893188477,31.439266204833984,63.79125213623047,2.6631996631622314,3.144911050796509,74.88999938964844,6.678897857666016
2018-02-12,2250.0,7.202850818634033,3.077500104904175,32.368778228759766,66.15648651123047,2.7359650135040283,3.011085033416748,75.6500015258789,6.761673450469971
2018-02-13,2250.0,7.379219055175781,3.1545000076293945,32.232078552246094,67.72550201416016,2.699582099914551,3.1353518962860107,76.48999786376953,6.865142345428467
2018-02-14,2250.0,7.661405563354492,3.22849988937378,32.98844909667969,68.89642333984375,2.69230580329895,3.058880090713501,76.66999816894531,7.242800712585449
2018-02-15,2250.0,7.746063709259033,3.239000082015991,33.49876022338867,69.73947143554688,2.5467753410339355,3.1640288829803467,76.76000213623047,7.310057640075684
2018-02-16,2250.0,7.731954574584961,3.243000030517578,33.043121337890625,69.36478424072266,2.4157984256744385,3.2691779136657715,76.88999938964844,7.304883003234863
2018-02-19,,,,,,2.386693000793457,3.307414054870605,,
2018-02-20,2250.0,7.506203174591064,3.186000108718872,32.91554260253906,68.66223907470703,2.335757255554199,3.307414054870605,76.97000122070312,7.232454299926758
2018-02-21,2250.0,7.908320426940918,3.2114999294281006,32.778846740722656,69.08375549316406,2.2775447368621826,3.2500600814819336,77.18000030517578,7.066906929016113
2018-02-22,2250.0,7.880101203918457,3.237499952316284,33.198036193847656,70.23125457763672,2.2848212718963623,3.326531887054444,77.05999755859375,7.232454299926758
2018-02-23,2250.0,7.858937740325928,3.2084999084472656,33.92706680297852,71.28507232666016,2.437628030776977,3.3169729709625244,77.11000061035156,7.346270561218262
2018-02-26,2250.0,7.922430992126465,3.196000099182129,32.76973342895508,72.17497253417969,2.437628030776977,3.3934450149536133,77.44000244140625,7.579074859619141
2018-02-27,2255.0,7.73900842666626,3.157500028610229,32.459896087646484,70.37178039550781,2.459457874298096,3.3552091121673584,77.37000274658203,7.496300220489502
2018-02-28,2255.0,7.456819534301758,3.1075000762939453,31.18409538269043,70.37178039550781,2.4157984256744385,3.2691779136657715,77.45999908447266,7.103120803833008
2018-03-01,2255.0,7.245179176330566,3.0994999408721924,30.564428329467773,69.76289367675781,2.430351734161377,3.2118239402771,78.41999816894531,7.025517463684082
2018-03-02,2255.0,7.1746320724487305,3.1010000705718994,30.63733291625977,69.8799819946289,2.4012458324432373,3.039762020111084,76.36000061035156,6.9272236824035645
2018-03-05,2255.0,7.097029685974121,3.1054999828338623,30.628217697143555,69.83313751220703,2.3939692974090576,3.030203104019165,75.36000061035156,6.942743301391602
2018-03-06,2255.0,7.231069564819336,3.13700008392334,31.35724639892578,71.19140625,2.495840072631836,3.1640288829803467,75.54000091552734,6.999650478363037
2018-03-07,2255.0,7.1605224609375,3.114000082015991,31.32079124450684,70.02049255371094,2.430351734161377,3.154469966888428,74.51000213623047,6.87460994720459
2018-03-08,2255.0,7.06881046295166,3.058500051498413,31.56683921813965,69.95023345947266,2.4329490661621094,3.2309420108795166,73.01000213623047,6.633946895599365
2018-03-09,2255.0,7.195795059204102,3.115999937057495,32.350547790527344,70.46543884277344,2.3955187797546387,3.1353518962860107,72.01000213623047,6.743816375732422
2018-03-12,2255.0,7.209905624389648,3.1040000915527344,32.58748245239258,70.79329681396484,2.425462484359741,3.2118239402771,71.41000366210938,6.801364421844482
2018-03-13,2255.0,7.365108013153076,3.11899995803833,32.505462646484375,70.20783996582031,2.380546808242798,3.1353518962860107,72.33000183105469,6.749045372009277
2018-03-14,2255.0,7.51325798034668,3.140000104904175,32.54191207885742,71.44898986816406,2.380546808242798,3.3169729709625244,72.76000213623047,6.822293758392334
2018-03-15,2255.0,7.442709922790527,3.111000061035156,32.43257141113281,71.37875366210938,2.3955187797546387,3.536829948425293,73.01000213623047,6.722888469696045
2018-03-16,2255.0,7.555586338043213,3.0929999351501465,32.34143829345703,69.92681884765625,2.530266523361206,3.6802148818969727,72.66000366210938,6.696728706359863
2018-03-19,2255.0,7.308671951293945,3.069499969482422,31.61240196228028,69.38819122314453,2.552724838256836,3.527271032333374,71.83999633789062,6.5240797996521
2018-03-20,2255.0,7.216960430145264,3.025500059127808,31.49393653869629,68.56855773925781,2.4778647422790527,3.527271032333374,71.62999725341797,6.565932273864746
2018-03-21,2255.0,7.400382041931152,3.048500061035156,31.721757888793945,69.01351928710938,2.462892532348633,3.55594801902771,71.55000305175781,6.796132564544678
2018-03-22,2255.0,7.061755180358887,3.01200008392334,30.89249992370605,67.60841369628906,2.530266523361206,3.55594801902771,70.95999908447266,6.581628322601318
2018-03-23,2255.0,7.040591716766357,2.984499931335449,30.263710021972656,64.9387435913086,2.3955187797546387,3.498594045639038,70.26000213623047,6.545005798339844
2018-03-26,2255.0,7.139357566833496,2.9605000019073486,30.71935272216797,66.53118133544922,2.373060703277588,3.3743269443511963,70.51000213623047,6.639179229736328
2018-03-27,2255.0,7.118194103240967,2.991499900817871,30.327497482299805,65.99256134033203,2.455406904220581,3.441240072250366,70.3499984741211,6.3985137939453125
2018-03-28,2260.0,6.998263359069824,2.99399995803833,29.65315055847168,64.02542877197266,2.425462484359741,3.1353518962860107,69.86000061035156,6.513615131378174
2018-03-29,2260.0,7.026483535766602,3.0190000534057617,30.05411720275879,65.14950561523438,2.4104907512664795,3.030203104019165,69.69999694824219,6.6548752784729
2018-04-02,2300.0,6.941826343536377,3.040499925613404,29.32508659362793,63.25261688232422,,,66.22000122070312,6.754278659820557
2018-04-03,2300.0,6.977100849151611,3.058000087738037,29.543790817260746,63.86150360107422,2.455406904220581,3.039762020111084,64.3499984741211,6.686264991760254
2018-04-04,2300.0,6.906553268432617,3.006999969482422,29.65315055847168,63.112117767333984,2.4853503704071045,2.982408046722412,62.93999862670898,6.618251800537109
2018-04-05,2300.0,7.06881046295166,3.069499969482422,30.227256774902344,62.94819641113281,2.440434455871582,2.944171905517578,62.66999816894531,6.775205135345459
2018-04-06,2300.0,6.948882579803467,3.053999900817871,29.7989501953125,62.76085662841797,2.447920799255371,2.982408046722412,63.34000015258789,6.623483657836914
2018-04-09,2300.0,6.673747539520264,3.071500062942505,29.698713302612305,62.995025634765625,2.4778647422790527,2.944171905517578,63.91999816894531,6.539774417877197
2018-04-10,2300.0,6.906553268432617,3.13100004196167,30.172584533691406,65.61786651611328,2.60512638092041,2.953731060028076,65.29000091552734,6.853682994842529
2018-04-11,2300.0,6.807786464691162,3.111999988555908,30.09967041015625,65.50077819824219,2.545238494873047,2.8963770866394043,64.27999877929688,6.87460994720459
2018-04-12,2300.0,6.8430609703063965,3.059999942779541,30.327497482299805,64.86848449707031,2.590153932571411,3.001526117324829,64.19000244140625,6.843219757080078
2018-04-13,2300.0,6.913608551025391,3.067500114440918,30.44596099853516,65.24317169189453,2.60512638092041,3.058880090713501,64.62000274658203,6.864147186279297
2018-04-16,2300.0,6.934771537780762,3.0915000438690186,30.418624877929688,65.8286361694336,2.687472343444824,3.039762020111084,64.11000061035156,6.790901184082031
2018-04-17,2300.0,6.984154224395752,3.075000047683716,30.4550724029541,64.68113708496094,2.709930181503296,3.058880090713501,64.2699966430664,7.031564712524414
2018-04-18,2300.0,7.428601264953613,3.1535000801086426,30.856040954589844,65.87547302246094,2.777304649353028,3.097115993499756,64.69000244140625,7.329780101776123
2018-04-19,2300.0,7.477982521057129,3.128000020980835,30.928939819335938,66.34382629394531,2.9045662879943848,3.1353518962860107,65.48999786376953,7.387328147888184
2018-04-20,2300.0,7.470929622650146,3.131500005722046,30.737573623657227,65.68812561035156,2.9419960975646973,3.1640288829803467,65.05000305175781,7.324547290802002
2018-04-23,2300.0,7.421546459197998,3.1080000400543213,30.50064277648925,65.00899505615234,2.964454174041748,3.116234064102173,65.19000244140625,7.1885175704956055
2018-04-24,2300.0,7.449764728546143,3.138499975204468,30.13612365722656,65.12609100341797,2.6799864768981934,3.039762020111084,65.25,7.298387050628662
2018-04-25,2300.0,7.379219055175781,3.131999969482422,29.83540725708008,64.4937973022461,,,65.22000122070312,7.157129764556885
2018-04-26,2300.0,7.372025966644287,3.11299991607666,30.07234001159668,64.0488510131836,2.7398743629455566,3.049320936203003,65.29000091552734,7.324547290802002
2018-04-27,2300.0,7.185029029846191,3.0460000038146973,30.227256774902344,64.14251708984375,2.792276382446289,3.011085033416748,65.2699966430664,7.298387050628662
2018-04-30,2300.0,6.904532909393311,3.052500009536743,30.117904663085938,63.9317512512207,2.784790277481079,3.06843900680542,65.2699966430664,7.240837574005127
2018-05-01,2300.0,6.8182244300842285,3.015000104904175,30.16346740722656,63.36971664428711,2.7623324394226074,3.2118239402771,65.48999786376953,7.083882808685303
2018-05-02,2300.0,6.940491199493408,3.047499895095825,30.0632266998291,63.67416763305664,2.792276382446289,3.125792980194092,67.44000244140625,7.183287143707275
2018-05-03,2300.0,7.012415885925293,3.059000015258789,30.227256774902344,63.580474853515625,2.9045662879943848,3.183146953582764,66.72000122070312,7.26699686050415
2018-05-04,2300.0,6.962069988250732,3.065500020980835,30.609996795654297,63.767826080322266,2.81473445892334,3.154469966888428,66.9800033569336,7.366400718688965
2018-05-07,2300.0,6.969261646270752,3.059499979019165,30.7649154663086,64.44694519042969,2.882108449935913,3.001526117324829,66.69000244140625,7.246070861816406
2018-05-08,2300.0,6.998029708862305,3.040499925613404,30.692007064819336,63.67416763305664,2.8446786403656006,3.011085033416748,66.98999786376953,7.1885175704956055
2018-05-09,2300.0,7.1346821784973145,3.039499998092652,30.774024963378903,63.79125213623047,2.882108449935913,2.982408046722412,66.19999694824219,7.287923812866211
2018-05-10,2300.0,7.292911052703857,3.0924999713897705,30.947168350219727,64.40011596679688,2.9195382595062256,2.982408046722412,66.48999786376953,7.554747104644775
2018-05-11,2300.0,7.458332538604736,3.095000028610229,31.047409057617188,65.50077819824219,2.949481964111328,3.06843900680542,67.48999786376953,7.643688201904297
2018-05-14,2300.0,7.479908943176269,3.0785000324249268,31.111202239990234,64.54063415527344,3.00188422203064,3.06843900680542,67.58999633789062,7.832035064697266
2018-05-15,2300.0,7.336063861846924,3.0425000190734863,30.928939819335938,63.767826080322266,2.964454174041748,3.030203104019165,67.58000183105469,7.8006415367126465
2018-05-16,2300.0,7.623753070831299,3.058500051498413,31.238773345947266,64.37670135498047,2.971940040588379,3.1353518962860107,67.30000305175781,7.915743350982666
2018-05-17,2300.0,7.681291580200195,3.07699990272522,31.712650299072266,65.31343078613281,3.0168566703796387,3.2500600814819336,67.26000213623047,7.863423824310303
2018-05-18,2300.0,7.2857184410095215,3.0510001182556152,31.393695831298828,64.962158203125,3.00188422203064,3.2309420108795166,67.02999877929688,7.627992153167725
2018-05-21,2300.0,7.451140880584717,3.0855000019073486,31.721757888793945,65.6646957397461,2.912052154541016,3.278737068176269,66.8499984741211,7.539051532745361
2018-05-22,2300.0,7.422370433807373,3.11899995803833,31.257009506225582,64.72796630859375,2.882108449935913,3.278737068176269,66.51000213623047,7.528587341308594
2018-05-23,2300.0,7.350449085235596,3.060499906539917,31.14765167236328,62.737422943115234,2.8521642684936523,3.3456499576568604,66.3499984741211,7.502429485321045
2018-05-24,2300.0,7.271334171295166,3.0855000019073486,30.31838035583496,62.01145935058594,2.82222056388855,3.2118239402771,66.36000061035156,7.539051532745361
2018-05-25,2300.0,7.185029029846191,3.066999912261963,30.436845779418945,60.23168182373047,2.807248592376709,3.106674909591675,66.26000213623047,7.340242385864258
2018-05-28,,,,,,2.7623324394226074,3.039762020111084,,
2018-05-29,2300.0,7.012415885925293,3.052000045776367,30.117904663085938,59.62279891967773,2.7623324394226074,3.039762020111084,66.2699966430664,7.031564712524414
2018-05-30,2305.0,7.069952487945557,3.059499979019165,30.373062133789062,59.85698318481445,2.7323882579803467,3.030203104019165,66.0199966430664,7.083882808685303
2018-05-31,2305.0,7.098721981048584,3.058000087738037,30.291051864624023,60.09116744995117,2.784790277481079,3.011085033416748,65.94999694824219,7.115272998809815
2018-06-01,2305.0,7.278526306152344,3.0915000438690186,30.628217697143555,60.559532165527344,2.8371920585632324,2.953731060028076,64.52999877929688,7.340242385864258
2018-06-04,2305.0,7.300104141235352,3.126499891281128,30.947168350219727,59.97407531738281,2.9045662879943848,3.020643949508667,64.55999755859375,7.355937480926514
2018-06-05,2305.0,7.501486301422119,3.190999984741211,30.89249992370605,59.52912521362305,2.8521642684936523,3.001526117324829,64.77999877929688,7.40825605392456
2018-06-06,2305.0,7.702868461608887,3.254499912261963,31.402803421020508,60.23168182373047,2.867136240005493,2.953731060028076,65.16999816894531,7.648919582366943
2018-06-07,2305.0,7.53025484085083,3.2679998874664307,31.21143913269043,59.41203689575195,2.9045662879943848,2.944171905517578,65.16999816894531,7.240837574005127
2018-06-08,2305.0,7.379218101501465,3.2929999828338623,31.21143913269043,59.177860260009766,2.882108449935913,2.8677000999450684,64.73999786376953,7.193749904632568
2018-06-11,2305.0,7.443948268890381,3.250499963760376,31.32079124450684,59.24811172485352,,,65.18000030517578,7.162361145019531
2018-06-12,2305.0,7.372025966644287,3.242500066757202,31.339014053344727,58.28796005249024,2.8371920585632324,2.6956379413604736,65.4000015258789,7.303619861602783
2018-06-13,2305.0,7.609370231628418,3.247999906539917,31.001850128173828,57.53857421875,2.81473445892334,2.676520109176636,65.33999633789062,7.27746057510376
2018-06-14,2305.0,7.580600738525391,3.2165000438690186,31.065635681152344,57.32781982421875,2.8521642684936523,2.609606981277466,65.55999755859375,7.146666049957275
2018-06-15,2305.0,7.292911052703857,3.1410000324249268,30.86515235900879,56.6721076965332,2.9195382595062256,2.676520109176636,65.38999938964844,6.890305995941162
2018-06-18,2305.0,7.2425665855407715,3.10349988937378,30.48241806030273,56.29742050170898,2.882108449935913,2.6860790252685547,65.30000305175781,6.890305995941162
2018-06-19,2305.0,7.041183948516846,3.046499967575073,29.68048667907715,54.166351318359375,2.799762487411499,2.628725051879883,65.01000213623047,6.785669803619385
2018-06-20,2305.0,7.098721981048584,3.046499967575073,29.89008331298828,54.75180816650391,2.792276382446289,2.6478428840637207,65.01000213623047,6.796132564544678
2018-06-21,2305.0,7.055568218231201,3.025000095367432,29.735164642333984,53.74483108520508,2.81473445892334,2.6382839679718018,64.93000030517578,6.581628322601318
2018-06-22,2305.0,7.328872203826904,3.032500028610229,30.09967041015625,54.91574096679688,2.717416524887085,2.6382839679718018,64.88999938964844,6.701960563659668
2018-06-25,2305.0,7.077144145965576,2.992000102996826,29.698713302612305,53.51064682006836,2.702444314956665,2.609606981277466,64.87999725341797,6.560701370239258
2018-06-26,2305.0,6.998029708862305,2.996999979019165,29.72604751586914,53.62773513793945,2.665014266967773,2.600048065185547,64.91000366210938,6.681033611297607
2018-06-27,2305.0,6.890146255493164,2.989500045776367,29.53468132019043,52.92518615722656,2.672499895095825,2.571371078491211,64.8499984741211,6.5188469886779785
2018-06-28,2309.25,6.73911190032959,2.9535000324249268,29.5620174407959,52.9486083984375,2.6799864768981934,2.6669609546661377,64.80999755859375,6.686264991760254
2018-06-29,2309.25,6.832610130310059,2.950999975204468,29.63492202758789,54.11952590942383,2.702444314956665,2.762551069259644,64.80000305175781,6.7071919441223145
2018-07-02,2309.25,6.595266342163086,2.93149995803833,29.48911666870117,53.37013244628906,2.724902629852295,2.71475601196289,64.12999725341797,6.534542560577393
2018-07-03,2309.25,5.9767351150512695,2.9059998989105225,29.55290412902832,52.92518615722656,2.672499895095825,2.6669609546661377,64.08999633789062,6.565932273864746
2018-07-04,,,,,,2.665014266967773,2.6478428840637207,,
2018-07-05,2309.25,6.156540393829346,2.813999891281128,29.51645851135254,52.38657379150391,2.642555952072144,2.6574020385742188,63.060001373291016,6.633946895599365
2018-07-06,2309.25,6.221270561218262,2.812999963760376,29.83540725708008,53.13595199584961,2.709930181503296,2.7434329986572266,62.9900016784668,6.817060470581055
2018-07-09,2309.25,6.33634614944458,2.83899998664856,30.172584533691406,54.68155670166016,2.7323882579803467,2.8199050426483154,63.130001068115234,6.890305995941162
2018-07-10,2309.25,6.2068867683410645,2.8285000324249268,30.354841232299805,55.80562210083008,2.7623324394226074,2.8581409454345703,63.18999862670898,6.848451614379883
2018-07-11,2309.25,5.825698852539063,2.7335000038146973,29.85363006591797,54.00243377685547,2.724902629852295,2.7912280559539795,63.18000030517578,6.618251800537109
2018-07-12,2309.25,5.933581352233887,2.7679998874664307,30.154354095458984,55.14992904663086,2.694958448410034,2.781668901443481,63.209999084472656,6.811829090118408
2018-07-13,2309.25,5.9120049476623535,2.7699999809265137,30.227256774902344,55.47777557373047,2.717416524887085,2.762551069259644,63.2400016784668,6.87460994720459
2018-07-16,2309.25,5.840083599090576,2.756999969482422,29.707826614379883,54.44738006591797,2.717416524887085,2.7721099853515625,63.33000183105469,6.796132564544678
2018-07-17,2309.25,5.876044273376465,2.739500045776367,29.99033164978028,54.68155670166016,2.6575286388397217,2.762551069259644,63.09999847412109,6.9321608543396
2018-07-18,2309.25,5.983926773071289,2.752000093460083,29.86273956298828,53.9555892944336,2.6799864768981934,2.7912280559539795,63.29999923706055,7.015870571136475
2018-07-19,2309.25,5.868851661682129,2.686000108718872,29.707826614379883,53.04227828979492,2.7323882579803467,2.8199050426483154,63.58000183105469,6.738583564758301
2018-07-20,2309.25,5.83289098739624,2.746000051498413,29.59847068786621,52.97202682495117,2.6500422954559326,2.8103458881378174,63.61000061035156,6.764742374420166
2018-07-23,2309.25,5.804121494293213,2.736999988555908,29.051698684692383,52.92518615722656,2.61261248588562,2.7721099853515625,63.72999954223633,6.890305995941162
2018-07-24,2309.25,6.091811180114746,2.799999952316284,29.179283142089844,54.04926681518555,2.672499895095825,2.8581409454345703,63.83000183105469,7.204216003417969
2018-07-25,2309.25,6.170924186706543,2.805999994277954,29.498233795166016,53.51064682006836,2.717416524887085,2.944171905517578,63.869998931884766,7.324547290802002
2018-07-26,2309.25,6.034273147583008,2.803999900817871,29.65315055847168,52.73784255981445,2.709930181503296,2.944171905517578,63.93000030517578,7.382097721099853
2018-07-27,2309.25,6.077425479888916,2.7874999046325684,29.64403343200684,52.035301208496094,2.717416524887085,2.982408046722412,64.08000183105469,7.554747104644775
2018-07-30,2313.5,6.084619045257568,2.7790000438690186,29.397987365722656,51.59034729003906,2.6799864768981934,2.8007869720458984,64.19999694824219,7.61752986907959
2018-07-31,2313.5,6.250039577484131,2.819000005722046,29.64403343200684,51.61377334594727,2.672499895095825,2.877259016036988,64.3499984741211,7.669846057891846
2018-08-01,2313.5,6.019888877868652,2.734999895095825,29.33419609069824,50.70045852661133,2.702444314956665,2.8199050426483154,66.66000366210938,7.355937480926514
2018-08-02,2313.5,5.83289098739624,2.726999998092652,29.33419609069824,49.59980392456055,2.635070562362671,2.752991914749145,66.86000061035156,7.345474720001221
2018-08-03,2313.5,5.9120049476623535,2.753499984741211,29.707826614379883,49.59980392456055,2.5676963329315186,2.71475601196289,68.23999786376953,7.640543460845947
2018-08-06,2313.5,5.804121494293213,2.720999956130981,29.46177864074707,48.40546798706055,2.60512638092041,2.705197095870972,69.08000183105469,7.575928211212158
2018-08-07,2313.5,6.027080535888672,2.740999937057495,29.55290412902832,48.522560119628906,2.60512638092041,2.71475601196289,69.3499984741211,7.532853603363037
2018-08-08,2313.5,6.005504131317139,2.740499973297119,29.99033164978028,48.499149322509766,2.635070562362671,2.6574020385742188,68.80999755859375,7.511314392089844
2018-08-09,2313.5,6.063042640686035,2.755500078201294,29.99033164978028,48.92067337036133,2.717416524887085,2.561811923980713,68.94000244140625,7.339014053344727
2018-08-10,2313.5,5.868851661682129,2.7325000762939453,29.37064743041992,47.79659652709961,2.717416524887085,2.485340118408203,68.58000183105469,7.2097859382629395
2018-08-13,2313.5,5.796930313110352,2.7219998836517334,28.80565643310547,46.74278259277344,2.6575286388397217,2.456662893295288,68.55000305175781,7.199017524719238
2018-08-14,2313.5,5.7753520011901855,2.67549991607666,29.015249252319336,47.14088439941406,2.642555952072144,2.4088680744171143,67.95999908447266,7.344398021697998
2018-08-15,2313.5,5.430126667022705,2.556999921798706,28.441144943237305,45.29084396362305,2.545238494873047,2.3706319332122803,67.72000122070312,6.9674835205078125
2018-08-16,2313.5,5.509241104125977,2.6135001182556152,28.71452522277832,45.314266204833984,2.530266523361206,2.2559239864349365,67.58999633789062,6.86518144607544
2018-08-17,2313.5,5.602739810943604,2.624500036239624,28.79654121398925,46.04022979736328,2.515294075012207,2.2846009731292725,67.98999786376953,6.999791145324707
2018-08-20,2313.5,5.6315083503723145,2.6635000705718994,28.80565643310547,46.46175765991211,2.522780179977417,2.3515141010284424,67.94999694824219,7.0159454345703125
2018-08-21,2313.5,5.667470455169678,2.689500093460083,29.097267150878903,46.48517990112305,2.462892532348633,2.485340118408203,67.6500015258789,6.913641929626465
2018-08-22,2313.5,5.689046382904053,2.6684999465942383,29.079036712646484,46.81303024291992,2.440434455871582,2.3897500038146973,67.69000244140625,7.064405918121338
2018-08-23,2313.5,5.667470455169678,2.6524999141693115,28.723636627197266,46.67252731323242,2.560210466384888,2.456662893295288,67.54000091552734,6.962100982666016
2018-08-24,2313.5,5.861659049987793,2.6989998817443848,29.079036712646484,47.07062911987305,2.537752628326416,2.456662893295288,67.4800033569336,7.118250846862793
2018-08-27,2313.5,5.9767351150512695,2.7049999237060547,29.61669540405273,48.873836517333984,2.530266523361206,2.504457950592041,67.41999816894531,7.317474842071533
2018-08-28,2313.5,5.998312473297119,2.733999967575073,29.55290412902832,49.45929336547852,2.6200978755950928,2.571371078491211,67.3499984741211,7.236708164215088
2018-08-29,2313.5,6.0414652824401855,2.7090001106262207,29.68048667907715,48.873836517333984,2.672499895095825,2.58092999458313,67.27999877929688,7.236708164215088
2018-08-30,2318.75,5.998312473297119,2.690500020980835,29.20661735534668,47.67950439453125,2.6799864768981934,2.533134937286377,67.20999908447266,7.091327667236328
2018-08-31,2318.75,5.825698852539063,2.6489999294281006,29.252182006835938,47.02379989624024,2.60512638092041,2.427985906600952,67.16000366210938,7.107481002807617
2018-09-03,,,,,,2.6200978755950928,2.3515141010284424,,
2018-09-04,2318.75,5.739391803741455,2.5834999084472656,28.86033058166504,46.04022979736328,2.5976407527923584,2.3515141010284424,66.63999938964844,6.757490634918213
2018-09-05,2318.75,5.760969161987305,2.5924999713897705,28.47759246826172,45.26742935180664,2.537752628326416,2.2463650703430176,67.22000122070312,6.795181751251221
2018-09-06,2318.75,5.768345355987549,2.618499994277954,28.322673797607425,44.190189361572266,2.5976407527923584,2.2368059158325195,68.12999725341797,6.994406700134277
2018-09-07,2318.75,5.598687648773193,2.60349988937378,28.23154830932617,44.21361541748047,2.61261248588562,2.2272469997406006,68.06999969482422,7.005176544189453
2018-09-10,2318.75,5.554429054260254,2.6105000972747803,28.26799774169922,43.721824645996094,2.6575286388397217,2.150774955749512,68.16999816894531,6.983638763427734
2018-09-11,2318.75,5.5101704597473145,2.6040000915527344,28.413801193237305,43.3237190246582,2.717416524887085,2.150774955749512,67.77999877929688,6.832874298095703
2018-09-12,2318.75,5.6355695724487305,2.658499956130981,28.65984916687012,44.11994171142578,2.724902629852295,2.150774955749512,67.9800033569336,6.956717014312744
2018-09-13,2318.75,5.760969161987305,2.664499998092652,28.887672424316406,44.190189361572266,2.8296382427215576,2.2559239864349365,68.30999755859375,6.913641929626465
2018-09-14,2318.75,5.731463432312012,2.627500057220459,29.16105461120605,44.494625091552734,2.875648736953736,2.1890110969543457,68.43000030517578,7.134403705596924
2018-09-17,2318.75,5.753591537475586,2.633500099182129,29.279521942138672,44.00284576416016,2.921658754348755,2.150774955749512,68.56999969482422,7.193632125854492
2018-09-18,2318.75,5.96013069152832,2.711999893188477,29.53468132019043,44.84590530395508,2.921658754348755,2.122097969055176,68.58999633789062,7.435933589935303
2018-09-19,2318.75,6.166671276092529,2.7100000381469727,30.017662048339844,45.50161361694336,2.983006000518799,2.1316568851470947,68.66999816894531,7.656696319580078
2018-09-20,2318.75,6.292069435119629,2.720999956130981,30.36395263671875,46.95354080200195,2.952332735061645,2.2272469997406006,68.66999816894531,7.81822919845581
2018-09-21,2318.75,6.432220935821533,2.8364999294281006,30.692007064819336,48.07762145996094,2.9906742572784424,2.2368059158325195,68.69000244140625,8.108991622924805
2018-09-24,2318.75,6.321574687957764,2.815999984741211,30.701122283935547,47.63267135620117,2.952332735061645,2.2846009731292725,68.68000030517578,7.963611602783203
2018-09-25,2318.75,6.594501495361328,2.803499937057495,30.509748458862305,47.726341247558594,2.9906742572784424,2.2463650703430176,68.62000274658203,8.211294174194336
2018-09-26,2318.75,6.520737171173096,2.806999921798706,30.36395263671875,47.32823181152344,3.006011486053467,2.1316568851470947,68.66000366210938,8.071298599243164
2018-09-27,2323.0,6.343704700469971,2.76449990272522,30.40040397644043,47.07062911987305,2.983006000518799,2.1603341102600098,68.69000244140625,7.990531921386719
2018-09-28,2323.0,6.321574687957764,2.7869999408721924,30.02677726745605,47.23455810546875,3.006011486053467,2.1985700130462646,68.7300033569336,7.990531921386719
2018-10-01,2323.0,6.387962818145752,2.7739999294281006,30.25459289550781,47.32823181152344,2.975337743759156,2.2272469997406006,68.4000015258789,8.092835426330566
2018-10-02,2323.0,6.380585670471191,2.7950000762939453,30.25459289550781,47.49215698242188,2.998342752456665,2.2272469997406006,68.83999633789062,8.410518646240234
2018-10-03,2323.0,6.3732099533081055,2.822499990463257,30.300159454345703,47.39849090576172,3.03668475151062,2.2272469997406006,69.08000183105469,8.31898307800293
2018-10-04,2323.0,6.33632755279541,2.765000104904175,29.95387458801269,46.41492462158203,3.2590677738189697,2.064743995666504,68.51000213623047,8.130528450012207
2018-10-05,2323.0,6.262563228607178,2.750999927520752,29.434438705444336,46.36809158325195,3.243731737136841,2.064743995666504,69.23999786376953,8.08206844329834
2018-10-08,2323.0,6.225681781768799,2.755000114440918,29.32508659362793,45.6655387878418,3.0673582553863525,1.978713035583496,69.29000091552734,8.18975830078125
2018-10-09,2323.0,6.269939422607422,2.7950000762939453,28.71452522277832,45.36110305786133,3.082695245742798,1.969154000282288,70.08999633789062,8.36744213104248
2018-10-10,2323.0,6.004390239715576,2.7690000534057617,27.66655158996582,43.792083740234375,3.0136795043945312,1.8926819562911987,70.38999938964844,7.995913505554199
2018-10-11,2323.0,6.004390239715576,2.796999931335449,27.08332633972168,42.31673431396485,2.921658754348755,1.8257689476013184,70.23999786376953,8.049759864807129
2018-10-12,2323.0,6.092906475067139,2.7929999828338623,27.68478012084961,43.18321228027344,2.975337743759156,1.7731939554214478,70.48999786376953,8.216678619384766
2018-10-15,2323.0,6.13716459274292,2.7804999351501465,27.821474075317383,42.80852127075195,2.9293270111083984,1.7062809467315674,70.55999755859375,8.324366569519043
2018-10-16,2323.0,6.092906475067139,2.7704999446868896,28.286222457885746,43.37055587768555,2.952332735061645,1.658486008644104,70.58000183105469,8.335136413574219
2018-10-17,2323.0,6.048648357391357,2.7669999599456787,27.94904518127441,42.31673431396485,2.9293270111083984,1.629809021949768,71.4000015258789,8.577436447143555
2018-10-18,2323.0,5.886367321014404,2.737499952316284,27.38405418395996,41.122406005859375,2.952332735061645,1.5533369779586792,71.4000015258789,8.157448768615723
2018-10-19,2323.0,5.893743515014648,2.7679998874664307,27.44784164428711,41.47367858886719,2.883317232131958,1.5342190265655518,71.4000015258789,8.216678619384766
2018-10-22,2323.0,5.945378303527832,2.7739999294281006,27.60276222229004,42.15280532836914,2.898653507232666,1.548557996749878,71.70999908447266,8.491286277770996
2018-10-23,2323.0,5.768345355987549,2.746999979019165,27.265586853027344,41.33316802978516,2.86031174659729,1.5103219747543335,71.79000091552734,8.20052433013916
2018-10-24,2323.0,5.554429054260254,2.746500015258789,26.345190048217773,39.928070068359375,2.798964500427246,1.457746982574463,72.05000305175781,7.807459831237793
2018-10-25,2323.0,5.679827690124512,2.748500108718872,27.074216842651367,40.65403747558594,2.699275493621826,1.352597951889038,72.22000122070312,7.925919055938721
2018-10-26,2323.0,5.701957702636719,2.74399995803833,26.74615478515625,40.41985321044922,2.6916072368621826,1.3334800004959106,72.41000366210938,8.114375114440918
2018-10-29,2323.0,5.716710090637207,2.7385001182556152,26.573007583618164,39.38945388793945,2.699275493621826,1.4481879472732544,72.58000183105469,7.683619022369385
2018-10-30,2328.25,5.709333419799805,2.6630001068115234,27.128894805908203,40.37302017211914,2.7682907581329346,1.472085952758789,72.69999694824219,7.855922222137451
2018-10-31,2328.25,5.96013069152832,2.6635000705718994,27.593647003173828,41.637603759765625,2.775959253311157,1.5294400453567505,72.80999755859375,8.130528450012207
2018-11-01,2328.25,6.284693241119385,2.7214999198913574,28.68718719482422,43.48764801025391,2.7529542446136475,1.6441479921340942,72.98999786376953,8.356675148010254
2018-11-02,2328.25,6.12241268157959,2.802999973297119,29.051698684692383,44.58829498291016,2.8066329956054688,1.658486008644104,72.91999816894531,8.31898307800293
2018-11-05,2328.25,6.12241268157959,2.755500078201294,29.00613784790039,44.89273834228516,2.7912962436676025,1.6345889568328855,73.9000015258789,8.292060852050781
2018-11-06,2328.25,6.033895492553711,2.7304999828338623,29.26129722595215,45.61870193481445,2.8296382427215576,1.701501965522766,74.18000030517578,8.232833862304688
2018-11-07,2328.25,6.12241268157959,2.752500057220459,29.5620174407959,47.117469787597656,2.8066329956054688,1.8496659994125368,74.18000030517578,8.248987197875977
2018-11-08,2328.25,6.033895492553711,2.736999988555908,29.224842071533203,45.92314529418945,2.7912962436676025,1.940477013587952,75.01000213623047,8.168219566345215
2018-11-09,2328.25,5.790473937988281,2.686500072479248,28.90589904785156,45.00983047485352,2.7146122455596924,1.854446053504944,75.58000183105469,7.861304759979248
2018-11-12,2328.25,5.583935260772705,2.677999973297119,28.20421028137207,44.44778823852539,2.7069432735443115,1.859225034713745,75.2699966430664,7.785923004150391
2018-11-13,2328.25,5.569182395935059,2.687000036239624,28.286222457885746,44.28386688232422,2.6379284858703613,1.7684149742126465,74.9800033569336,7.861304759979248
2018-11-14,2328.25,5.583935260772705,2.7095000743865967,28.42291641235352,43.83891677856445,2.568912506103516,1.7110610008239746,74.80999755859375,7.82361364364624
2018-11-15,2328.25,5.650321960449219,2.749000072479248,28.924121856689453,44.68197250366211,2.5535757541656494,1.6202499866485596,74.94999694824219,8.038993835449219
2018-11-16,2328.25,5.6355695724487305,2.803999900817871,28.86944580078125,44.91615676879883,2.591917991638184,1.6537070274353027,75.08000183105469,8.060531616210938
2018-11-19,2328.25,5.6355695724487305,2.804500102996826,28.668960571289062,44.494625091552734,2.5382392406463623,1.6489269733428955,75.30000305175781,7.925919055938721
2018-11-20,2328.25,5.517548084259033,2.7664999961853027,27.71211624145508,43.13637161254883,2.507565975189209,1.5963530540466309,74.87999725341797,7.575928211212158
2018-11-21,2328.25,5.524923324584961,2.7945001125335693,27.8579216003418,43.41739273071289,2.400207757949829,1.548557996749878,74.86000061035156,7.726693630218506
2018-11-22,,,,,,2.415544986724853,1.6154710054397583,,
2018-11-23,2328.25,5.281502723693848,2.7704999446868896,27.61187171936035,42.38698959350586,2.423213481903076,1.6728249788284302,74.20999908447266,7.139788627624512
2018-11-26,2328.25,5.362642765045166,2.758500099182129,28.012842178344727,41.91862106323242,2.377202272415161,1.6154710054397583,73.58000183105469,6.86518144607544
2018-11-27,2328.25,5.288878917694092,2.7105000019073486,27.98550033569336,41.895206451416016,2.384871244430542,1.5246599912643433,73.13999938964844,6.940564155578613
2018-11-28,2328.25,5.524923324584961,2.7960000038146973,28.68718719482422,42.90218734741211,2.3695342540740967,1.5007630586624146,72.91999816894531,7.279784679412842
2018-11-29,2332.5,5.50279426574707,2.7780001163482666,28.57783889770508,43.04269409179688,2.4078757762908936,1.5581170320510864,72.5999984741211,7.252861499786377
2018-11-30,2332.5,5.458535671234131,2.7774999141693115,28.605175018310547,43.2768783569336,2.377202272415161,1.5581170320510864,72.27999877929688,7.37670373916626
2018-12-03,2332.5,5.628192901611328,2.799499988555908,29.361536026000977,44.564884185791016,2.545907497406006,1.7253990173339844,65.56999969482422,7.58131217956543
2018-12-04,2332.5,5.414278030395508,2.748500108718872,28.432031631469727,42.83193588256836,2.461555242538452,1.5867940187454224,66.83000183105469,7.3228583335876465
2018-12-05,,,,,,2.4768919944763184,1.5628960132598877,,
2018-12-06,2332.5,5.170856952667236,2.740499973297119,28.058399200439453,41.59077072143555,2.392539501190185,1.519881010055542,66.0,7.285167694091797
2018-12-07,2332.5,5.170856952667236,2.757499933242798,27.38405418395996,40.70087814331055,2.3695342540740967,1.5151009559631348,66.76000213623047,7.075173377990723
2018-12-10,2332.5,5.097091674804688,2.7184998989105225,27.265586853027344,39.48312759399414,2.3311922550201416,1.5246599912643433,66.51000213623047,6.924409866333008
2018-12-11,2332.5,5.207737445831299,2.7660000324249268,27.18356704711914,39.36603546142578,2.3695342540740967,1.5294400453567505,66.73999786376953,7.005176544189453
2018-12-12,2332.5,5.3773956298828125,2.7685000896453857,27.51163482666016,39.90465545654297,2.4385502338409424,1.601132035255432,66.81999969482422,7.010561943054199
2018-12-13,2332.5,5.465912818908691,2.762500047683716,27.456954956054688,39.78756713867188,2.492228984832764,1.730178952217102,67.26000213623047,7.021331310272217
2018-12-14,2332.5,5.274126052856445,2.760499954223633,26.919300079345703,38.94450759887695,2.5152342319488525,1.6537070274353027,67.88999938964844,6.97825288772583
2018-12-17,2332.5,5.325761795043945,2.753000020980835,26.19027328491211,38.54640579223633,2.57658052444458,1.6393680572509766,68.12000274658203,7.0159454345703125
2018-12-18,2332.5,5.311007976531982,2.6710000038146973,26.090030670166016,38.45272445678711,2.5535757541656494,1.6154710054397583,68.48999786376953,7.102096080780029
2018-12-19,2332.5,5.288878917694092,2.7214999198913574,25.62527275085449,37.49258041381836,2.5382392406463623,1.5007630586624146,68.69000244140625,6.854412078857422
2018-12-20,2332.5,5.266750335693359,2.70199990272522,24.823347091674805,36.35406112670898,2.415544986724853,1.4051729440689087,69.12000274658203,6.9674835205078125
2018-12-21,2332.5,5.207737445831299,2.678499937057495,24.540849685668945,35.07159805297852,2.4385502338409424,1.3478189706802368,68.98999786376953,6.945945739746094
2018-12-24,2332.5,5.266750335693359,2.6684999465942383,24.139881134033203,34.574310302734375,2.484560489654541,1.3287010192871094,68.79000091552734,6.784414768218994
2018-12-26,2332.5,5.495417594909668,2.7084999084472656,25.05116844177246,35.07159805297852,,,68.83000183105469,7.037482738494873
2018-12-27,2332.5,5.251996994018555,2.6675000190734863,25.01471519470215,35.09776306152344,2.568912506103516,1.3430390357971191,69.0,6.994406700134277
2018-12-28,2332.5,5.392148971557617,2.678999900817871,25.14459800720215,35.28097915649414,2.599586248397827,1.3812750577926636,69.19999694824219,7.010561943054199
2018-12-31,2332.5,5.340513229370117,2.628000020980835,25.210006713867188,35.4903564453125,2.568912506103516,1.4386290311813354,69.19999694824219,7.102096080780029
2019-01-02,2332.5,5.251996994018555,2.625,25.303447723388672,35.856773376464844,2.507565975189209,1.4673060178756714,71.05999755859375,7.252861499786377
2019-01-03,2332.5,4.979070663452148,2.570499897003174,24.53723907470703,35.7520866394043,2.492228984832764,1.5103219747543335,72.2300033569336,6.908257007598877
2019-01-04,2332.5,5.325761795043945,2.65149998664856,25.471635818481445,37.13924789428711,2.5152342319488525,1.4673060178756714,73.08999633789062,7.549006938934326
2019-01-07,2332.5,5.392148971557617,2.6410000324249268,25.929489135742188,37.92443084716797,2.584249258041382,1.610690951347351,74.1500015258789,7.446702480316162
2019-01-08,2332.5,5.42165470123291,2.6605000495910645,26.25653076171875,38.52640151977539,2.599586248397827,1.6967220306396484,74.20999908447266,7.570543766021728
2019-01-09,2332.5,5.495417594909668,2.6619999408721924,26.40603256225586,39.023685455322266,2.60725474357605,1.6537070274353027,74.05999755859375,7.812844753265381
2019-01-10,2332.5,5.547053337097168,2.6435000896453857,26.555538177490234,38.50023651123047,2.63025975227356,1.6728249788284302,73.9800033569336,7.753615856170654
2019-01-11,2332.5,5.576559066772461,2.6695001125335693,26.434066772460938,38.78813171386719,2.60725474357605,1.6441479921340942,74.22000122070312,7.597467422485352
2019-01-14,2332.5,5.50279426574707,2.6454999446868896,26.25653076171875,38.34319305419922,2.60725474357605,1.7110610008239746,74.20999908447266,7.608234882354736
2019-01-15,2332.5,5.488041400909424,2.650500059127808,26.163089752197266,38.50023651123047,2.60725474357605,1.887902021408081,74.30999755859375,7.570543766021728
2019-01-16,2332.5,5.443783283233643,2.69350004196167,26.312593460083008,38.08147430419922,2.5535757541656494,1.940477013587952,74.43000030517578,7.597467422485352
2019-01-17,2332.5,5.547053337097168,2.700000047683716,26.331281661987305,38.39553451538086,2.645596742630005,1.8305480480194087,74.51000213623047,7.791308403015137
2019-01-18,2332.5,5.583935260772705,2.740999937057495,26.434066772460938,38.55257797241211,2.614923477172852,1.88312304019928,75.1500015258789,7.866688728332519
2019-01-21,,,,,,2.599586248397827,1.844887018203736,,
2019-01-22,2332.5,5.480666160583496,2.688999891281128,25.976207733154297,37.13924789428711,2.57658052444458,1.95003604888916,74.55000305175781,7.7805376052856445
2019-01-23,2332.5,5.488041400909424,2.694000005722046,25.87342834472656,37.06072616577149,2.561244249343872,1.859225034713745,74.58000183105469,7.942071437835693
2019-01-24,2332.5,5.524923324584961,2.673500061035156,25.87342834472656,36.85134506225586,2.5382392406463623,1.868783950805664,74.61000061035156,8.001299858093262
2019-01-25,2332.5,5.7978515625,2.73799991607666,26.349971771240234,37.7412223815918,2.522902488708496,1.9022409915924072,74.63999938964844,7.355166435241699
2019-01-28,2332.5,5.642946243286133,2.6875,26.22849464416504,37.45331573486328,,,75.30000305175781,6.030591011047363
2019-01-29,2332.5,5.716710090637207,2.7320001125335693,26.293907165527344,37.21776580810547,2.584249258041382,1.921358942985535,75.48999786376953,6.181354999542236
2019-01-30,2332.5,5.915873527526856,2.7730000019073486,26.5742301940918,38.0029525756836,2.6379284858703613,1.6632659435272217,75.5999984741211,6.779029846191406
2019-01-31,2332.5,5.9748854637146,2.7890000343322754,26.59291076660156,38.23850631713867,2.7069432735443115,1.495983004570007,76.02999877929688,6.698261737823486
2019-02-01,2332.5,5.886367321014404,2.775000095367432,26.95733070373535,38.21232986450195,2.6839380264282227,1.3764959573745728,86.93000030517578,6.768260955810547
2019-02-04,2332.5,5.805227279663086,2.7950000762939453,27.05076789855957,38.39553451538086,2.645596742630005,1.4338500499725342,86.52999877929688,6.542113780975342
2019-02-05,2332.5,5.775721549987793,2.816999912261963,27.181583404541016,38.70960998535156,2.6916072368621826,1.3908339738845823,88.16000366210938,6.520576477050781
2019-02-06,2332.5,5.819979667663574,2.8355000019073486,27.172239303588867,38.57875061035156,2.7069432735443115,1.3812750577926636,88.9800033569336,6.116740703582764
2019-02-07,2332.5,5.6355695724487305,2.8285000324249268,26.70503807067871,37.76739501953125,2.837306499481201,1.4099520444869995,92.29000091552734,6.014437198638916
2019-02-08,2332.5,5.561806201934815,2.809999942779541,26.48078346252441,37.270111083984375,2.7912962436676025,1.371716022491455,92.12999725341795,6.1328959465026855
2019-02-11,2332.5,5.458535671234131,2.7915000915527344,26.434066772460938,37.81974029541016,2.837306499481201,1.3478189706802368,90.81999969482422,6.041358947753906
2019-02-12,2332.5,5.547053337097168,2.774499893188477,26.39668846130371,38.63109588623047,2.8296382427215576,1.3095829486846924,88.44000244140625,6.380580425262451
2019-02-13,2332.5,5.613440036773682,2.7739999294281006,26.51816177368164,38.21232986450195,2.8143014907836914,1.3095829486846924,88.0199966430664,6.46134614944458
2019-02-14,2332.5,5.561806201934815,2.776000022888184,26.52750587463379,38.29084777832031,2.913990974426269,1.2761260271072388,88.3499984741211,6.536728858947754
2019-02-15,2332.5,5.7462158203125,2.802500009536743,26.779788970947266,38.97134017944336,2.921658754348755,1.2761260271072388,88.55999755859375,6.639033794403076
2019-02-18,,,,,,2.952332735061645,1.2713470458984375,,
2019-02-19,2225.0,5.768345355987549,2.881500005722046,27.03207969665528,39.41627883911133,2.983006000518799,1.218772053718567,88.52999877929688,6.563650608062744
2019-02-20,2225.0,5.915873527526856,2.930000066757202,27.24698638916016,40.14912414550781,2.998342752456665,1.1948750019073486,88.45999908447266,6.5851874351501465
2019-02-21,2225.0,5.768345355987549,2.9024999141693115,27.67681312561035,39.808876037597656,2.9676692485809326,1.2665669918060305,88.02999877929688,6.4774980545043945
2019-02-22,2225.0,5.901120185852051,2.9609999656677246,27.82631492614746,40.54172134399414,2.9369957447052,1.3430390357971191,88.16000366210938,6.730569362640381
2019-02-25,2225.0,5.87899112701416,2.950000047683716,28.424331665039062,42.66171646118164,3.0136795043945312,1.338260054588318,87.94000244140625,6.757490634918213
2019-02-26,2225.0,5.96013069152832,2.944000005722046,28.256134033203125,43.1851692199707,2.983006000518799,1.3764959573745728,87.69999694824219,6.741339206695557
2019-02-27,2225.0,6.004390239715576,2.9590001106262207,28.33089256286621,42.373809814453125,3.029016494750977,1.3478189706802368,87.47000122070312,6.725184440612793
2019-02-28,2225.0,5.9306254386901855,2.950000047683716,27.96647453308105,41.74565887451172,2.998342752456665,1.3095829486846924,87.33000183105469,6.719799995422363
2019-03-01,2225.0,5.893743515014648,2.933500051498413,27.770248413085938,41.87652969360352,2.998342752456665,1.2809059619903564,85.9800033569336,6.671339988708496
2019-03-04,2225.0,5.901120185852051,2.9110000133514404,27.47124290466309,41.7194938659668,2.998342752456665,1.290464997291565,85.41999816894531,6.687492370605469
2019-03-05,2225.0,5.908496856689453,2.936000108718872,27.37779998779297,41.53628158569336,2.9906742572784424,1.213992953300476,86.51000213623047,6.816721439361572
2019-03-06,2225.0,5.952754497528076,2.9184999465942383,27.218955993652344,42.08591079711914,2.983006000518799,1.2283309698104858,85.79000091552734,6.725184440612793
2019-03-07,2225.0,5.775721549987793,2.9114999771118164,26.667665481567383,41.92887496948242,3.003354072570801,1.1757570505142212,86.76000213623047,6.784414768218994
2019-03-08,2225.0,5.672452449798584,2.8940000534057617,26.434066772460938,40.51553726196289,2.97190523147583,1.1088440418243408,85.1500015258789,6.779029846191406
2019-03-11,2225.0,5.827357292175293,2.900000095367432,26.798479080200195,41.35307312011719,2.964043140411377,1.1184029579162598,84.52999877929688,6.994406700134277
2019-03-12,2225.0,5.834732055664063,2.927500009536743,26.630290985107425,40.98664855957031,2.9876303672790527,1.0467100143432615,85.30999755859375,7.02671480178833
2019-03-13,2225.0,5.9748854637146,2.933500051498413,26.779788970947266,41.11751556396485,3.003354072570801,1.0132540464401243,85.01000213623047,7.150556564331055
2019-03-14,2225.0,5.945378303527832,2.888499975204468,26.611597061157227,40.72492599487305,3.0269408226013184,1.0992850065231323,85.9800033569336,7.080557823181152
2019-03-15,2225.0,5.952754497528076,2.9035000801086426,26.742414474487305,41.35307312011719,2.995491743087769,1.032371997833252,86.12000274658203,7.107481002807617
2019-03-18,2225.0,6.041271686553955,2.9035000801086426,26.742414474487305,41.824180603027344,3.0348029136657715,1.0132540464401243,86.27999877929688,7.150556564331055
2019-03-19,2225.0,6.174046993255615,2.9195001125335693,26.70503807067871,41.77183532714844,3.050527334213257,1.003695011138916,86.2300033569336,7.37670373916626
2019-03-20,2225.0,6.196176052093506,2.915499925613404,26.434066772460938,41.79801177978516,3.019078493118286,0.9702379703521729,85.41000366210938,7.263630867004394
2019-03-21,2225.0,6.174046993255615,2.900000095367432,26.8825740814209,41.7194938659668,3.019078493118286,0.9415609836578368,85.6500015258789,7.2474775314331055
2019-03-22,2225.0,6.004390239715576,2.8359999656677246,26.14440155029297,40.38467788696289,3.042665243148804,0.9989150166511536,85.88999938964844,6.902871608734131
2019-03-25,2225.0,5.997013092041016,2.8494999408721924,25.957523345947266,39.83504486083984,2.956181049346924,0.9893559813499452,85.81999969482422,6.924409866333008
2019-03-26,2225.0,5.982259750366211,2.8505001068115234,26.060302734375,40.54172134399414,2.9325942993164062,1.0275919437408447,85.80000305175781,7.010561943054199
2019-03-27,2225.0,6.011765956878662,2.8580000400543213,25.90145874023437,40.35850524902344,2.893283605575561,1.0180330276489258,85.72000122070312,6.822105884552002
2019-03-28,2225.0,6.004390239715576,2.868499994277954,26.163089752197266,40.46319580078125,2.9404568672180176,1.0228129625320437,85.63999938964844,6.800567150115967
2019-03-29,2225.0,6.07815408706665,2.936000108718872,26.443408966064453,41.1436882019043,2.9325942993164062,1.0228129625320437,85.69999694824219,7.03209924697876
2019-04-01,2225.0,6.306822776794434,2.9205000400543213,26.994701385498047,42.42615509033203,2.9483189582824707,0.9654589891433716,87.5199966430664,7.312090396881103
2019-04-02,2225.0,6.328951358795166,2.9040000438690186,27.004045486450195,42.50468063354492,2.995491743087769,1.0514899492263794,89.5,7.252861499786377
2019-04-03,2225.0,6.380585670471191,2.946500062942505,27.218955993652344,42.84492111206055,3.074113845825196,1.1375210285186768,92.1500015258789,7.182863712310791
2019-04-04,2225.0,6.321574687957764,2.908499956130981,27.26567649841309,43.10664749145508,3.050527334213257,1.2856849431991575,92.52999877929688,7.252861499786377
2019-04-05,2225.0,6.328951358795166,2.8924999237060547,27.415184020996094,43.02812957763672,3.003354072570801,1.2952439785003662,91.80999755859376,7.2097859382629395
2019-04-08,2225.0,6.351079940795898,2.929500102996826,27.52730941772461,43.1328239440918,3.050527334213257,1.2474490404129028,93.62999725341795,7.441318035125732
2019-04-09,2225.0,6.292069435119629,2.93149995803833,27.25633430480957,42.373809814453125,2.964043140411377,1.2092130184173584,92.72000122070312,7.306705951690674
2019-04-10,2225.0,6.351079940795898,2.922499895095825,27.489931106567383,42.53084564208984,2.909008264541626,1.1805360317230225,92.5999984741211,7.301321029663086
2019-04-11,2225.0,6.166671276092529,2.885999917984009,27.190927505493164,41.98122024536133,2.814661741256714,1.1470799446105957,93.5999984741211,7.215170383453369
2019-04-12,2225.0,6.410091876983643,2.946000099182129,27.23764419555664,42.55702209472656,2.7832131385803223,1.094504952430725,93.79000091552734,7.129019260406494
2019-04-15,2225.0,6.3732099533081055,2.934000015258789,27.0694522857666,42.0335578918457,2.7517645359039307,1.0849460363388062,93.97000122070312,7.150556564331055
2019-04-16,2225.0,6.387962818145752,2.930500030517578,27.24698638916016,42.55702209472656,2.767488479614258,1.094504952430725,93.44000244140624,7.306705951690674
2019-04-17,2225.0,6.542867183685303,2.9755001068115234,27.47124290466309,42.55702209472656,2.759626626968384,1.1614179611206057,92.95999908447266,7.1451735496521
2019-04-18,2225.0,6.454350471496582,2.927500009536743,27.153549194335938,41.90270233154297,2.743902444839477,1.1805360317230225,92.91000366210938,7.172094821929932
2019-04-22,2225.0,6.4764790534973145,2.906500101089477,26.95733070373535,40.85578918457031,,,93.1999969482422,7.03209924697876
2019-04-23,2225.0,6.432220935821533,2.8984999656677246,26.71438789367676,40.881961822509766,2.728177547454834,1.1518590450286863,93.29000091552734,7.091327667236328
2019-04-24,2225.0,6.321574687957764,2.9175000190734863,26.191123962402344,40.14912414550781,2.673142194747925,1.1470799446105957,92.9499969482422,6.762876510620117
2019-04-25,2225.0,6.208285808563232,2.877500057220459,25.90145874023437,39.33776473999024,,,93.13999938964844,6.827489376068115
2019-04-26,2225.0,6.042126655578613,2.970000028610229,25.976207733154297,38.94517135620117,2.6810050010681152,1.142300009727478,93.16000366210938,6.902871608734131
2019-04-29,2225.0,6.102547645568848,2.8949999809265137,25.94818115234375,37.89825820922852,2.618107318878174,1.0753870010375977,93.16999816894533,6.881333351135254
2019-04-30,2225.0,5.959047317504883,2.90149998664856,25.79868125915528,37.50566864013672,2.625969648361206,1.061048984527588,93.23999786376952,6.881333351135254
2019-05-01,2225.0,5.845757961273193,2.802999973297119,25.462297439575195,37.270111083984375,2.618107318878174,1.032371997833252,93.6500015258789,6.665955066680908
2019-05-02,2225.0,5.800441741943359,2.7839999198913574,25.976207733154297,37.13924789428711,2.625969648361206,1.0753870010375977,93.5999984741211,6.655187606811523
2019-05-03,2225.0,5.913731575012207,2.825000047683716,26.434066772460938,38.15998840332031,2.6023826599121094,1.0801670551300049,93.80999755859376,6.886718273162842
2019-05-06,2225.0,5.755125999450684,2.836999893188477,26.060302734375,37.03455352783203,2.594520330429077,1.0467100143432615,93.51000213623048,6.741339206695557
2019-05-07,2225.0,5.664494514465332,2.7939999103546143,25.91080093383789,36.27553939819336,2.641693592071533,1.032371997833252,94.75,6.725184440612793
2019-05-08,2225.0,5.5889668464660645,2.7855000495910645,25.57442283630371,36.35406112670898,2.594520330429077,1.0897259712219238,94.19000244140624,6.692876815795898
2019-05-09,2225.0,5.536098957061768,2.783499956130981,25.312789916992188,36.27553939819336,2.57879638671875,1.0801670551300049,94.23999786376952,6.5959577560424805
2019-05-10,2225.0,5.5889668464660645,2.7850000858306885,25.39688301086425,36.48492050170898,2.586658239364624,1.0849460363388062,95.08000183105467,6.714417457580566
2019-05-13,2225.0,5.279308319091797,2.7295000553131104,24.369049072265625,35.09776306152344,2.625969648361206,1.0658279657363892,94.37999725341795,6.450577259063721
2019-05-14,2225.0,5.400150299072266,2.734499931335449,24.47183609008789,35.830604553222656,2.673142194747925,1.032371997833252,93.87999725341795,6.482883930206299
2019-05-15,2225.0,5.369940280914307,2.753499984741211,24.630678176879883,35.67356491088867,2.720315456390381,1.1279619932174685,94.81999969482422,6.46134614944458
2019-05-16,2225.0,5.354835033416748,2.758500099182129,24.509206771850582,36.66813278198242,2.767488479614258,1.1040639877319336,96.12999725341795,6.197508335113525
2019-05-17,2225.0,5.264202117919922,2.747999906539917,23.957914352416992,35.8829460144043,2.767488479614258,1.1948750019073486,96.33999633789062,6.240583896636963
2019-05-20,2225.0,5.17357063293457,2.736000061035156,23.686941146850582,38.02912139892578,2.759626626968384,1.2235519886016846,96.37999725341795,6.1436638832092285
2019-05-21,2225.0,5.2415452003479,2.7235000133514404,23.948570251464844,39.9135627746582,2.720315456390381,1.170976996421814,96.55999755859376,6.305198192596436
2019-05-22,2225.0,5.067834377288818,2.686000108718872,23.873815536499023,38.99751663208008,2.7360403537750244,1.1279619932174685,97.04000091552734,6.326735496520996
2019-05-23,2225.0,4.909228324890137,2.686500072479248,23.331871032714844,38.10763931274414,2.712453603744507,1.1088440418243408,97.30999755859376,6.348273277282715
2019-05-24,2225.0,4.984754085540772,2.7065000534057617,23.26646423339844,38.39553451538086,2.7045915126800537,1.113623023033142,98.13999938964844,6.472115993499756
2019-05-27,,,,,,2.720315456390381,1.0992850065231323,,
2019-05-28,2225.0,4.924333572387695,2.7035000324249268,23.163679122924805,38.84048080444336,2.7045915126800537,1.0801670551300049,98.37999725341795,6.676723957061768
2019-05-29,2225.0,4.916780948638916,2.672499895095825,22.986143112182617,40.14912414550781,2.641693592071533,1.0658279657363892,98.58999633789062,6.70903205871582
2019-05-30,2225.0,4.931886672973633,2.6605000495910645,23.0982723236084,38.78813171386719,2.586658239364624,1.2092130184173584,98.72000122070312,6.746722221374512
2019-05-31,2225.0,4.788386344909668,2.6459999084472656,23.00482940673828,39.4686279296875,2.6102452278137207,1.2665669918060305,98.76000213623048,6.714417457580566
2019-06-03,2225.0,4.87901782989502,2.6554999351501465,23.070236206054688,37.97677612304688,2.5709340572357178,1.2283309698104858,96.27999877929688,6.719799995422363
2019-06-04,2225.0,5.007412910461426,2.673500061035156,23.70563125610352,37.76739501953125,2.5473473072052,1.1088440418243408,98.38999938964844,6.805952072143555
2019-06-05,2225.0,4.946990489959717,2.627000093460083,23.50005531311035,37.81974029541016,2.539485454559326,1.0849460363388062,98.31999969482422,6.682108402252197
2019-06-06,2225.0,5.007412910461426,2.6540000438690186,23.57481384277344,37.71504592895508,2.515898942947388,1.0514899492263794,97.76000213623048,6.746722221374512
2019-06-07,2225.0,4.992307662963867,2.630500078201294,24.0046329498291,38.683441162109375,2.5473473072052,1.0132540464401243,97.77999877929688,6.746722221374512
2019-06-10,2225.0,5.045176029205322,2.6640000343322754,24.266263961791992,39.2068977355957,,,99.26000213623048,6.687492370605469
2019-06-11,2225.0,5.166018009185791,2.67549991607666,24.61199188232422,39.62566375732422,2.531623363494873,1.0084739923477173,102.76000213623048,7.139788627624512
2019-06-12,2225.0,5.113150119781494,2.6589999198913574,24.1261043548584,40.201473236083984,2.55521011352539,1.0419310331344604,102.98999786376952,7.123634338378906
2019-06-13,2225.0,5.188675403594971,2.6610000133514404,24.4157657623291,39.70418167114258,2.531623363494873,1.0275919437408447,106.29000091552734,7.231325626373291
2019-06-14,2225.0,5.143360614776611,2.634500026702881,24.1261043548584,39.41627883911133,2.6023826599121094,0.9941359758377076,104.33000183105467,7.064405918121338
2019-06-17,2225.0,5.098045349121094,2.651000022888184,24.21954917907715,38.63109588623047,2.492311954498291,0.9606789946556092,104.16999816894533,6.9297943115234375
2019-06-18,2225.0,5.256649971008301,2.7070000171661377,24.21954917907715,38.65727233886719,2.492311954498291,0.9415609836578368,105.79000091552734,7.2474775314331055
2019-06-19,2225.0,5.279308319091797,2.684499979019165,24.1261043548584,38.55257797241211,2.531623363494873,0.9415609836578368,106.1999969482422,7.290552139282227
2019-06-20,2225.0,5.324625015258789,2.7155001163482666,24.40642738342285,39.2068977355957,2.5080366134643555,0.9415609836578368,107.20999908447266,7.382086753845215
2019-06-21,2225.0,5.317071437835693,2.7060000896453857,24.39708137512207,38.99751663208008,2.531623363494873,0.8570089936256409,107.54000091552734,7.285167694091797
2019-06-24,2225.0,5.301966190338135,2.7054998874664307,24.275609970092773,39.10220718383789,2.5473473072052,0.8176059722900391,108.98999786376952,7.344398021697998
2019-06-25,2225.0,5.271755218505859,2.7355000972747803,24.21020126342773,38.47405624389648,2.531623363494873,0.8422330021858215,107.93000030517578,7.177477836608887
2019-06-26,2225.0,5.271755218505859,2.7109999656677246,24.266263961791992,38.73578643798828,2.515898942947388,0.8225319981575012,109.19000244140624,7.236708164215088
2019-06-27,1820.0,5.075386047363281,2.712500095367432,24.45758819580078,38.81430435180664,2.55521011352539,0.8225319981575012,108.72000122070312,7.231325626373291
2019-06-28,1820.0,5.203781604766846,2.7054998874664307,24.589540481567383,39.75652694702149,2.5001745223999023,0.8668599724769592,109.18000030517578,7.236708164215088
2019-07-01,1793.5,5.279308319091797,2.679500102996826,24.69321250915528,39.41627883911133,2.515898942947388,0.8373079895973206,119.4499969482422,7.500546455383301
2019-07-02,1778.5,5.309519290924072,2.657500028610229,24.58011245727539,39.65184020996094,2.586658239364624,0.8225319981575012,123.19000244140624,7.155941009521484
2019-07-03,1794.0,5.218886375427246,2.679500102996826,24.72148323059082,40.27998733520508,2.57879638671875,0.8176059722900391,123.16000366210938,7.199017524719238
2019-07-04,,,,,,2.539485454559326,0.8520839810371399,,
2019-07-05,1806.75,5.082939624786377,2.658499956130981,24.58011245727539,39.75652694702149,2.484450578689575,0.8520839810371399,117.0999984741211,7.064405918121338
2019-07-08,1811.75,5.120702743530273,2.6559998989105225,24.240821838378903,38.892826080322266,2.484450578689575,0.8520839810371399,119.16999816894533,7.161324977874756
2019-07-09,1838.5,5.007412910461426,2.624500036239624,24.0711669921875,38.21232986450195,2.4687254428863525,0.9259639978408812,121.3499984741211,7.193632125854492
2019-07-10,1861.5,5.067834377288818,2.693000078201294,24.25024032592773,38.21232986450195,2.4058282375335693,1.0146199464797974,120.83999633789062,7.435933589935303
2019-07-11,1865.0,4.992307662963867,2.682499885559082,24.23139381408692,38.02912139892578,2.476588249206543,0.960440993309021,120.31999969482422,7.452085971832275
2019-07-12,1860.0,5.0300703048706055,2.691499948501587,24.57068634033203,38.10763931274414,2.4608635902404785,0.9358140230178832,120.25,7.430548667907715
2019-07-15,1860.0,5.052728652954102,2.7074999809265137,24.72148323059082,38.47405624389648,2.4451394081115723,0.9949190020561218,121.18000030517578,7.538238048553467
2019-07-16,1860.0,5.0300703048706055,2.69350004196167,24.712060928344727,38.317020416259766,2.390103340148926,1.0146199464797974,121.19000244140624,7.554390907287598
2019-07-17,1860.0,5.045176029205322,2.7100000381469727,24.6083927154541,38.10763931274414,2.382241487503052,1.0392470359802246,121.13999938964844,7.511314392089844
2019-07-18,1863.0,5.113150119781494,2.7039999961853027,24.63666534423828,38.0029525756836,2.342931032180786,0.9949190020561218,120.87000274658205,7.543623447418213
2019-07-19,1880.0,5.098045349121094,2.744499921798706,24.900564193725582,38.1861572265625,2.3665170669555664,1.004768967628479,120.98999786376952,7.5597758293151855
2019-07-22,1880.0,5.09049129486084,2.7144999504089355,24.8911361694336,37.87208938598633,2.4294145107269287,0.9850680232048036,120.01000213623048,7.495162010192871
2019-07-23,1880.0,5.166018009185791,2.694000005722046,25.098482131958008,38.29084777832031,2.4530014991760254,1.0244710445404053,120.41999816894533,7.371319770812988
2019-07-24,1880.0,5.2415452003479,2.7039999961853027,25.25870704650879,37.558013916015625,2.4608635902404785,1.004768967628479,120.25,7.225940704345703
2019-07-25,1880.0,5.13580846786499,2.695499897003174,24.495290756225582,36.66813278198242,2.484450578689575,0.95551598072052,120.08999633789062,7.139788627624512
2019-07-26,1880.0,5.060280799865723,2.676500082015991,24.56126594543457,36.74665069580078,2.484450578689575,0.9308890104293824,120.11000061035156,7.1451735496521
2019-07-29,1880.0,5.052728652954102,2.7095000743865967,24.40104103088379,36.30171585083008,2.492311954498291,0.9062619805336,120.0199966430664,7.129019260406494
2019-07-30,1875.25,4.984754085540772,2.6705000400543213,24.448165893554688,36.14468002319336,2.484450578689575,0.8914859890937805,120.08999633789062,7.08594274520874
2019-07-31,1860.75,4.841254234313965,2.657999992370605,24.382192611694336,35.98763656616211,2.4687254428863525,0.8471580147743225,120.0199966430664,6.994406700134277
2019-08-01,1842.0,4.546700477600098,2.6600000858306885,23.76957321166992,36.03998947143555,2.4372763633728027,0.8373079895973206,112.0199966430664,6.741339206695557
2019-08-02,1832.5,4.418304920196533,2.565000057220459,23.477399826049805,35.59503936767578,2.342931032180786,0.8274570107460022,106.51000213623048,6.6121110916137695
2019-08-05,1823.5,4.23704195022583,2.5369999408721924,22.51606178283692,33.84147262573242,2.248584747314453,0.7954419851303101,100.33999633789062,6.224431037902832
2019-08-06,1820.75,4.252147197723389,2.5510001182556152,22.544340133666992,33.73677444458008,2.193549156188965,0.7585020065307617,99.51000213623048,6.326735496520996
2019-08-07,1811.75,4.214383125305176,2.565000057220459,22.89305877685547,34.495792388916016,2.1778249740600586,0.778203010559082,96.55999755859376,6.267505168914795
2019-08-08,1848.25,4.2974629402160645,2.601999998092652,23.713024139404297,35.4903564453125,2.2249979972839355,0.8126810193061829,97.37000274658205,6.445193290710449
2019-08-09,1842.0,4.1766204833984375,2.5840001106262207,23.43970489501953,35.46418762207031,2.26430892944336,0.8225319981575012,93.61000061035156,6.219046592712402
2019-08-12,1832.75,4.1615142822265625,2.5799999237060547,22.92133522033692,34.443443298339844,2.217136144638061,0.773277997970581,95.01000213623048,6.08443546295166
2019-08-13,1847.25,4.274804592132568,2.624500036239624,23.02500915527344,34.65282440185547,2.24072265625,0.7585020065307617,95.11000061035156,6.299814224243164
2019-08-14,1839.25,4.138857364654541,2.5864999294281006,22.327566146850582,33.52739715576172,2.303619861602783,0.7585020065307617,95.70999908447266,5.955207824707031
2019-08-15,1845.5,4.025567054748535,2.5894999504089355,22.054243087768555,32.95159149169922,2.201411008834839,0.7190989851951599,93.76000213623048,5.906747817993164
2019-08-16,1857.25,4.101093292236328,2.5899999141693115,22.299291610717773,33.29183578491211,2.169962882995605,0.6944730281829834,93.61000061035156,5.858287811279297
2019-08-19,1855.0,4.206830978393555,2.5969998836517334,22.544340133666992,33.422706604003906,2.217136144638061,0.6895470023155212,94.36000061035156,5.750598430633545
2019-08-20,1842.25,4.1615142822265625,2.5739998817443848,22.544340133666992,33.422706604003906,2.2249979972839355,0.6895470023155212,94.0199966430664,5.809828281402588
2019-08-21,1836.0,4.199277877807617,2.5815000534057617,22.629159927368164,33.16097640991211,2.162100315093994,0.6796969771385193,92.01000213623048,5.847517490386963
2019-08-22,1821.0,4.206830978393555,2.553499937057495,21.988269805908203,32.50665664672852,2.0677547454833984,0.6846219897270203,92.7300033569336,5.799058437347412
2019-08-23,1823.75,4.101093292236328,2.526000022888184,21.4133529663086,31.407394409179688,1.9340972900390625,0.6895470023155212,92.87999725341795,5.632140159606934
2019-08-26,1823.75,4.101093292236328,2.539999961853028,21.4604721069336,31.35505104064941,1.9419595003128047,0.6205930113792419,92.4499969482422,5.535218715667725
2019-08-27,1817.5,4.101093292236328,2.5434999465942383,21.30967903137207,31.27652931213379,1.9262348413467407,0.6304429769515991,92.05999755859376,5.562142848968506
2019-08-28,1807.0,4.138857364654541,2.5510001182556152,21.469900131225582,31.30270195007324,1.9969944953918457,0.6698459982872009,91.62999725341795,5.615988254547119
2019-08-29,1759.0,4.206830978393555,2.559499979019165,21.733793258666992,31.53826332092285,2.020580768585205,0.6550700068473816,91.16000366210938,5.772136688232422
2019-08-30,1758.0,4.3050150871276855,2.532999992370605,22.025972366333008,31.93085479736328,2.0756165981292725,0.6649209856987,90.91000366210938,5.922900676727295
2019-09-02,,,,,,2.0756165981292725,0.6796969771385193,,
2019-09-03,1751.75,4.267252445220947,2.512500047683716,21.77149772644043,31.957029342651367,2.1227898597717285,0.6796969771385193,89.55000305175781,5.8744401931762695
2019-09-04,1770.5,4.463621616363525,2.5789999961853027,21.969417572021484,32.454307556152344,2.107065200805664,0.6895470023155212,91.56999969482422,6.052126884460449
2019-09-05,1785.0,4.549610137939453,2.624500036239624,22.38411331176757,32.846900939941406,2.1306512355804443,0.6944730281829834,90.72000122070312,6.100587844848633
2019-09-06,1788.75,4.612147808074951,2.615499973297119,22.53491401672364,33.23949432373047,2.193549156188965,0.6944730281829834,89.44000244140625,6.105973243713379
2019-09-09,1799.5,4.651233673095703,2.6105000972747803,22.84593391418457,33.94615936279297,2.15423846244812,0.6944730281829834,91.2300033569336,6.251352787017822
2019-09-10,1818.5,4.768492698669434,2.6105000972747803,23.04386138916016,34.155540466308594,2.1149277687072754,0.4629819989204407,91.37000274658205,6.3159661293029785
2019-09-11,1825.25,4.823212623596191,2.5975000858306885,23.4868278503418,35.20245742797852,2.1856868267059326,0.527010977268219,92.33999633789062,6.359041213989258
2019-09-12,1798.25,4.846663951873779,2.623500108718872,23.609350204467773,35.542701721191406,2.202486038208008,0.5417870283126831,94.13999938964844,6.552880764007568
2019-09-13,1807.0,5.018641948699951,2.680999994277954,23.76957321166992,35.80442810058594,2.242386102676392,0.5073099732398987,94.7699966430664,6.542113780975342
2019-09-16,1791.0,4.9248366355896,2.621000051498413,23.5716495513916,35.72591018676758,2.242386102676392,0.527010977268219,94.37000274658205,6.391348361968994
2019-09-17,1778.75,4.909201145172119,2.609499931335449,23.524526596069336,34.600486755371094,2.1785459518432617,0.5122349858283997,94.02999877929688,6.423655986785889
2019-09-18,1783.0,4.877933025360107,2.595499992370605,23.449127197265625,34.39109802246094,2.1705658435821533,0.5023840069770813,93.97000122070312,6.337502956390381
2019-09-19,1798.75,4.901383876800537,2.5910000801086426,23.4868278503418,34.33875274658203,2.1785459518432617,0.527010977268219,93.45999908447266,6.235198974609375
2019-09-20,1800.5,4.932653427124023,2.5899999141693115,23.599925994873047,34.18172073364258,2.210465908050537,0.4974589943885803,93.37999725341795,6.235198974609375
2019-09-23,1790.5,4.807578086853027,2.594500064849853,23.49625015258789,34.129371643066406,2.186525583267212,0.4925340116024017,93.48999786376952,6.175970554351807
2019-09-24,1767.75,4.698136806488037,2.5894999504089355,23.08155632019043,33.579742431640625,2.1147053241729736,0.5122349858283997,93.20999908447266,6.035974502563477
2019-09-25,1759.5,4.682502746582031,2.595000028610229,22.911909103393555,34.05085372924805,2.0827856063842773,0.4876079857349396,92.97000122070312,6.175970554351807
2019-09-26,1750.5,4.651233673095703,2.559999942779541,22.902482986450195,33.448875427246094,2.050865411758423,0.5122349858283997,92.9499969482422,6.159816265106201
2019-09-27,1748.25,4.674685955047607,2.5829999446868896,22.874210357666016,33.003936767578125,2.098745584487915,0.4974589943885803,92.88999938964844,6.15443229675293
2019-09-30,1732.25,4.666868209838867,2.564500093460083,22.96845436096192,33.056278228759766,2.090765476226806,0.4974589943885803,92.91000366210938,6.192124366760254
2019-10-01,1737.25,4.533976078033447,2.552000045776367,22.88363265991211,32.454307556152344,2.1147053241729736,0.4925340116024017,92.16000366210938,6.165200233459473
2019-10-02,1707.25,4.432352542877197,2.561500072479248,22.50663375854492,31.93085479736328,2.034904956817627,0.47775799036026,92.26000213623048,5.852900981903076
2019-10-03,1711.5,4.377632141113281,2.5455000400543213,22.51606178283692,32.21875762939453,1.9630852937698364,0.482683002948761,92.26000213623048,5.955207824707031
2019-10-04,1719.5,4.377632141113281,2.555500030517578,22.53491401672364,32.06171798706055,1.93914532661438,0.482683002948761,92.18000030517578,6.165200233459473
2019-10-07,1739.75,4.260374546051025,2.572000026702881,22.47836303710937,32.21875762939453,1.94712507724762,0.4728319942951202,92.5500030517578,6.052126884460449
2019-10-08,1749.75,4.236922264099121,2.563499927520752,22.17676544189453,31.957029342651367,1.9710655212402344,0.4728319942951202,93.52999877929688,5.949822902679443
2019-10-09,1743.0,4.283825874328613,2.562000036239624,22.205039978027344,32.323448181152344,1.9231853485107424,0.4629819989204407,91.58999633789062,5.98213005065918
2019-10-10,1752.0,4.447985649108887,2.6050000190734863,22.468936920166016,32.454307556152344,1.9311654567718504,0.4580560028553009,93.01000213623048,6.1490478515625
2019-10-11,1717.25,4.643416881561279,2.618499994277954,23.072132110595703,33.1086311340332,1.9551053047180176,0.4580560028553009,92.86000061035156,6.359041213989258
2019-10-14,1714.0,4.494890213012695,2.623500108718872,22.83650779724121,33.030113220214844,1.995005488395691,0.4531309902667999,92.2300033569336,6.235198974609375
2019-10-15,1724.5,4.612147808074951,2.6040000915527344,22.959033966064453,32.95159149169922,1.9710655212402344,0.4482060074806213,92.62000274658205,6.159816265106201
2019-10-16,1727.5,4.549610137939453,2.5794999599456787,22.940183639526367,32.76838302612305,1.9630852937698364,0.4432800114154815,91.4000015258789,6.035974502563477
2019-10-17,1731.75,4.541792869567871,2.586999893188477,23.08155632019043,32.58517074584961,1.995005488395691,0.4334299862384796,90.01000213623047,6.014437198638916
2019-10-18,1746.5,4.557426929473877,2.625,22.902482986450195,32.323448181152344,1.9630852937698364,0.4334299862384796,90.76000213623048,6.003668308258057
2019-10-21,1744.0,4.690320014953613,2.634999990463257,22.96845436096192,32.55899810791016,1.94712507724762,0.3743250072002411,90.58000183105467,6.12751054763794
2019-10-22,1727.5,4.612147808074951,2.621999979019165,22.97788429260254,32.82072830200195,2.07480525970459,0.3940269947052002,90.52999877929688,6.22981595993042
2019-10-23,1742.0,4.690320014953613,2.6624999046325684,23.04386138916016,32.716033935546875,2.050865411758423,0.3891009986400604,90.4499969482422,6.272889614105225
2019-10-24,1735.0,4.619965076446533,2.6589999198913574,23.4868278503418,32.4019660949707,2.058845281600952,0.3891009986400604,90.11000061035156,6.197508335113525
2019-10-25,1740.5,4.643416881561279,2.6665000915527344,23.34545516967773,32.50665664672852,2.07480525970459,0.3891009986400604,90.22000122070312,6.482883930206299
2019-10-28,1751.0,4.776309490203857,2.672499895095825,23.68474578857422,33.16097640991211,2.0668253898620605,0.3792510032653808,90.2300033569336,6.5851874351501465
2019-10-29,1745.0,4.784125328063965,2.682499885559082,23.628198623657227,32.82072830200195,2.1067256927490234,0.3891009986400604,90.02999877929688,6.536728858947754
2019-10-30,1760.25,4.760675430297852,2.680500030517578,23.656478881835938,32.55899810791016,2.098745584487915,0.3792510032653808,89.80000305175781,6.531344413757324
2019-10-31,1763.0,4.666868209838867,2.632999897003174,23.46797752380371,32.48048782348633,2.034904956817627,0.3940269947052002,89.55000305175781,6.321350574493408
2019-11-01,1794.0,4.831029891967773,2.651000022888184,24.269092559814453,33.16097640991211,2.0189456939697266,0.4038780033588409,83.55000305175781,6.536728858947754
2019-11-04,1809.5,5.003007888793945,2.6670000553131104,24.928842544555664,33.8938102722168,2.0827856063842773,0.4383549988269806,82.8499984741211,6.639033794403076
2019-11-05,1811.5,5.143718242645264,2.694999933242798,24.82516098022461,33.86764144897461,2.058845281600952,0.4531309902667999,82.8499984741211,6.665955066680908
2019-11-06,1809.0,5.088998317718506,2.6610000133514404,24.674365997314453,33.99850845336914,2.1147053241729736,0.4432800114154815,82.9800033569336,6.552880764007568
2019-11-07,1816.5,5.143718242645264,2.7239999771118164,25.14560508728028,34.364925384521484,2.1705658435821533,0.4285039901733398,82.55000305175781,6.574419498443604
2019-11-08,1818.25,5.0499114990234375,2.677999973297119,24.900564193725582,34.129371643066406,2.186525583267212,0.4531309902667999,80.36000061035156,6.337502956390381
2019-11-11,1794.0,4.901383876800537,2.6600000858306885,24.82516098022461,33.97232818603516,2.1945061683654785,0.47775799036026,80.30000305175781,6.251352787017822
2019-11-12,1780.75,4.877933025360107,2.6419999599456787,24.25024032592773,33.579742431640625,2.186525583267212,0.4482060074806213,81.36000061035156,6.192124366760254
2019-11-13,1770.5,4.776309490203857,2.6364998817443848,23.986347198486328,32.76838302612305,2.162585496902466,0.4334299862384796,81.26000213623047,6.041358947753906
2019-11-14,1750.5,4.768492698669434,2.618499994277954,23.910951614379883,32.66368865966797,2.154605865478516,0.4728319942951202,82.5199966430664,6.030591011047363
2019-11-15,1754.0,4.870115756988525,2.634999990463257,24.269092559814453,33.18714904785156,2.1466259956359863,0.4531309902667999,82.80000305175781,6.1705851554870605
2019-11-18,1752.0,4.791943550109863,2.617500066757202,24.174848556518555,32.66368865966797,2.1466259956359863,0.4383549988269806,82.93000030517578,6.08443546295166
2019-11-19,1745.75,4.831029891967773,2.6535000801086426,24.0711669921875,33.056278228759766,2.1466259956359863,0.4186539947986603,83.19000244140625,6.1705851554870605
2019-11-20,1758.5,4.838848114013672,2.6465001106262207,23.72245216369629,32.76838302612305,2.1067256927490234,0.4137279987335205,83.3499984741211,6.062896728515625
2019-11-21,1754.0,4.791943550109863,2.621000051498413,23.703594207763672,32.323448181152344,2.07480525970459,0.3940269947052002,83.55000305175781,6.175970554351807
2019-11-22,1757.5,4.917018413543701,2.6475000381469727,23.618772506713867,32.61134719848633,2.1067256927490234,0.3989520072937011,83.79000091552734,6.402118682861328
2019-11-25,1755.5,4.963921546936035,2.6475000381469727,23.929798126220703,33.13479995727539,2.1067256927490234,0.3940269947052002,84.29000091552734,6.4774980545043945
2019-11-26,1773.5,4.971739292144775,2.674499988555908,24.00519371032715,32.89925003051758,2.1067256927490234,0.3693999946117401,84.3499984741211,6.4774980545043945
2019-11-27,1785.25,4.956104278564453,2.674499988555908,24.0711669921875,33.501224517822266,2.130665779113769,0.3595489859580993,84.41999816894531,6.391348361968994
2019-11-28,,,,,,2.138645887374878,0.3496989905834198,,
2019-11-29,1785.0,4.8857502937316895,2.6419999599456787,23.958070755004883,32.97776412963867,2.154605865478516,0.34477299451828,84.68000030517578,6.332119941711426
2019-12-02,1806.75,4.932653427124023,2.632499933242798,24.024045944213867,32.74220657348633,2.130665779113769,0.3496989905834198,88.11000061035156,6.536728858947754
2019-12-03,1782.5,4.784125328063965,2.6080000400543213,23.87324905395508,32.14023971557617,2.0668253898620605,0.3595489859580993,87.6500015258789,6.46134614944458
2019-12-04,1771.5,4.838848114013672,2.6440000534057617,23.882673263549805,32.97776412963867,2.0827856063842773,0.4038780033588409,88.2699966430664,6.515191555023193
2019-12-05,1764.75,4.447985649108887,2.6484999656677246,24.00519371032715,32.97776412963867,2.07480525970459,0.4285039901733398,88.33999633789062,6.525960445404053
2019-12-06,1770.5,4.471437931060791,2.7109999656677246,24.23139381408692,33.21331787109375,2.0269253253936768,0.4235790073871612,88.55999755859375,6.671339988708496
2019-12-09,1775.5,4.455803871154785,2.746500015258789,24.269092559814453,33.030113220214844,2.12268590927124,0.4235790073871612,92.04000091552734,6.665955066680908
2019-12-10,1772.5,4.401083469390869,2.755500078201294,24.4764404296875,33.34418487548828,2.162585496902466,0.4137279987335205,91.36000061035156,6.622879981994629
2019-12-11,1775.5,4.447985649108887,2.782500028610229,24.712060928344727,33.448875427246094,2.226425886154175,0.4629819989204407,92.0500030517578,6.77364444732666
2019-12-12,1786.75,4.643416881561279,2.789499998092652,25.22100830078125,34.5219612121582,2.234405755996704,0.4334299862384796,92.04000091552734,6.951332092285156
2019-12-13,1777.0,4.705954074859619,2.7804999351501465,25.19273376464844,34.78369140625,2.298246145248413,0.4629819989204407,92.2699966430664,7.03209924697876
2019-12-16,1784.75,4.807578086853027,2.820499897003174,25.3812313079834,34.67900466918945,2.3301661014556885,0.4432800114154815,92.0999984741211,7.08594274520874
2019-12-17,1774.25,4.729406356811523,2.819499969482422,25.711101531982425,34.83603286743164,2.298246145248413,0.4235790073871612,92.08999633789062,7.048252105712891
2019-12-18,1788.75,4.752857685089111,2.816999912261963,25.61685371398925,34.4696159362793,2.2822859287261963,0.4285039901733398,91.98999786376952,7.042867660522461
2019-12-19,1807.25,4.815394878387451,2.8315000534057617,25.748804092407227,34.5219612121582,2.2822859287261963,0.4137279987335205,92.0,7.118250846862793
2019-12-20,1808.25,4.760675430297852,2.811000108718872,25.871322631835938,34.23406219482422,2.2184462547302246,0.4235790073871612,91.73999786376952,7.1451735496521
2019-12-23,1818.25,4.7372236251831055,2.816999912261963,25.98442649841309,33.92804336547852,2.162585496902466,0.4088029861450195,91.72000122070312,7.161324977874756
2019-12-24,1823.0,4.7215895652771,2.838500022888184,25.946718215942383,34.832794189453125,2.1466259956359863,0.4137279987335205,91.6999969482422,7.252861499786377
2019-12-26,1823.0,4.7372236251831055,2.864500045776367,26.06924819946289,35.01906204223633,,,91.61000061035156,7.263630867004394
2019-12-27,1835.5,4.815394878387451,2.8364999294281006,25.91844749450684,35.63109588623047,2.186525583267212,0.4334299862384796,91.5500030517578,7.306185722351074
2019-12-30,1834.0,4.807578086853027,2.827500104904175,25.88226318359375,35.92380905151367,2.154605865478516,0.4629819989204407,91.5199966430664,7.289604663848877
2019-12-31,1824.5,4.831029891967773,2.7939999103546143,26.03462219238281,35.73754119873047,2.154605865478516,0.4629819989204407,91.52999877929688,7.295132160186768
2020-01-02,1812.5,4.9248366355896,2.8329999446868896,26.3774356842041,36.66889953613281,2.138645887374878,0.4925340116024017,92.58000183105467,7.433297634124756
2020-01-03,1830.0,4.870115756988525,2.798500061035156,26.015581130981445,36.58906555175781,2.130665779113769,0.5220860242843628,93.41000366210938,7.344871520996094
2020-01-06,1842.0,4.823212623596191,2.80049991607666,26.12984848022461,36.935001373291016,2.1705658435821533,0.5122349858283997,93.8499984741211,7.2619709968566895
2020-01-07,1822.0,4.807578086853027,2.803999900817871,26.4821834564209,36.935001373291016,2.234405755996704,0.5368620157241821,93.7300033569336,7.311711311340332
2020-01-08,1802.75,4.862298488616943,2.819000005722046,25.92987823486328,36.77534103393555,2.1945061683654785,0.5122349858283997,94.61000061035156,7.306185722351074
2020-01-09,1803.5,4.85448169708252,2.810499906539917,26.16794204711914,37.22771072387695,2.226425886154175,0.5516380071640015,93.56999969482422,7.179072380065918
2020-01-10,1811.5,4.862298488616943,2.81850004196167,26.38695907592773,37.33415222167969,2.234405755996704,0.5368620157241821,93.55999755859376,7.168019771575928
2020-01-13,1798.0,4.8857502937316895,2.861500024795532,27.491575241088867,38.26551055908203,2.226425886154175,0.6058170199394226,94.02999877929688,7.361451148986816
2020-01-14,1809.0,4.909201145172119,2.875999927520752,28.120058059692383,39.22347640991211,2.306225776672364,0.6993979811668396,94.83000183105467,7.433297634124756
2020-01-15,1800.25,4.870115756988525,2.869999885559082,28.19624137878418,38.15906524658203,2.274306297302246,0.6501449942588806,94.58999633789062,7.328292846679687
2020-01-16,1811.0,4.917018413543701,2.851999998092652,28.424781799316406,37.46720504760742,2.274306297302246,0.6058170199394226,94.5500030517578,7.273024559020996
2020-01-17,1809.25,4.909201145172119,2.8494999408721924,28.605710983276367,37.78652572631836,2.298246145248413,0.6205930113792419,94.80999755859376,7.532777309417725
2020-01-20,,,,,,2.3301661014556885,0.6255180239677429,,
2020-01-21,1827.0,4.791943550109863,2.798500061035156,28.443828582763672,36.66889953613281,2.274306297302246,0.5664139986038208,94.8000030517578,7.322765350341797
2020-01-22,1814.0,4.776309490203857,2.7669999599456787,28.539051055908203,37.06805038452149,2.2663261890411377,0.6156669855117798,94.76000213623048,7.416718482971191
2020-01-23,1792.5,4.698136806488037,2.7260000705718994,28.605710983276367,36.26974487304688,2.2184462547302246,0.5664139986038208,94.4000015258789,7.35039758682251
2020-01-24,1786.0,4.651233673095703,2.685499906539917,28.23433303833008,35.76414489746094,2.1785459518432617,0.5861150026321411,94.3499984741211,7.096174716949463
2020-01-27,1769.75,4.487072944641113,2.5964999198913574,27.36777877807617,34.54007339477539,,,94.01000213623048,6.631937503814697
2020-01-28,1764.5,4.604331016540527,2.5794999599456787,27.67249870300293,34.114315032958984,2.138645887374878,0.5122349858283997,93.5999984741211,6.73141622543335
2020-01-29,1743.0,4.604331016540527,2.553499937057495,27.58679580688477,34.54007339477539,2.154605865478516,0.5023840069770813,93.33999633789062,6.604305744171143
2020-01-30,1751.75,4.635600090026856,2.5234999656677246,27.75820541381836,33.60871505737305,2.090765476226806,0.47775799036026,92.9000015258789,6.637465000152588
2020-01-31,1741.75,4.526158809661865,2.5199999809265137,27.34873580932617,32.86363220214844,2.1067256927490234,0.4974589943885803,92.44000244140624,6.482719898223877
2020-02-03,1706.75,4.479254722595215,2.513000011444092,28.310516357421875,31.47990226745605,2.0189456939697266,0.4925340116024017,78.33000183105469,6.576671600341797
2020-02-04,1712.0,4.7215895652771,2.547499895095825,30.74828147888184,33.34261703491211,2.0269253253936768,0.4728319942951202,81.62999725341797,6.759048938751221
2020-02-05,1728.0,4.807578086853027,2.5789999961853027,29.7960262298584,34.48685836791992,2.0668253898620605,0.5417870283126831,79.87000274658203,6.87510871887207
2020-02-06,1757.0,4.791943550109863,2.5985000133514404,29.6722354888916,33.98126602172852,2.12268590927124,0.5368620157241821,80.95999908447266,6.853002548217773
2020-02-07,1737.0,4.635600090026856,2.559000015258789,28.88186454772949,33.103126525878906,2.090765476226806,0.53193598985672,81.6500015258789,6.654044628143311
2020-02-10,1724.5,4.619965076446533,2.557499885559082,29.367515563964844,33.82160186767578,2.0269253253936768,0.527010977268219,81.25,6.4108734130859375
2020-02-11,1749.75,4.690320014953613,2.588500022888184,30.043615341186523,34.646522521972656,2.034904956817627,0.53193598985672,83.36000061035156,6.58772611618042
2020-02-12,1749.0,4.799760818481445,2.6059999465942383,30.767332077026367,36.402793884277344,2.034904956817627,0.5614879727363586,84.47000122070312,6.698257923126221
2020-02-13,1754.75,4.791943550109863,2.619499921798706,30.68161964416504,35.97703170776367,2.0668253898620605,0.527010977268219,85.13999938964844,6.593252658843994
2020-02-14,1739.5,4.7372236251831055,2.6054999828338623,30.62449073791504,36.24312973022461,2.098745584487915,0.5220860242843628,84.86000061035156,6.560091972351074
2020-02-17,,,,,,2.0827856063842773,0.5073099732398987,,
2020-02-18,1718.75,4.565245151519775,2.609999895095825,30.519739151000977,36.003639221191406,2.07480525970459,0.4974589943885803,85.43000030517578,6.64299201965332
2020-02-19,1718.75,4.659050941467285,2.612499952316284,31.205360412597656,34.673126220703125,2.07480525970459,0.482683002948761,85.69999694824219,6.659570693969727
2020-02-20,1709.5,4.580879211425781,2.595000028610229,32.0052490234375,34.54007339477539,2.0827856063842773,0.4925340116024017,86.1500015258789,6.549039363861084
2020-02-21,1704.0,4.494890213012695,2.618000030517578,31.29106712341309,34.27397537231445,2.0428857803344727,0.5122349858283997,86.41999816894531,6.311394214630127
2020-02-24,1693.25,4.221288204193115,2.5924999713897705,29.45321655273437,32.19837951660156,1.9710655212402344,0.4925340116024017,86.55999755859375,5.836105823516846
2020-02-25,1697.5,4.135298728942871,2.5964999198913574,28.85329246520996,31.958885192871094,1.9231853485107424,0.4728319942951202,86.7300033569336,5.697940826416016
2020-02-26,1684.5,4.096212387084961,2.576499938964844,28.872344970703125,31.74600601196289,1.7955049276351929,0.4186539947986603,86.66999816894531,5.626094341278076
2020-02-27,1683.75,3.916417837142944,2.571500062942505,27.091625213623047,30.78803253173828,1.7795445919036863,0.3940269947052002,86.58000183105469,5.482402324676514
2020-02-28,1684.0,3.82261061668396,2.5460000038146973,26.691680908203125,29.21803092956543,1.7715646028518677,0.3743250072002411,86.45999908447266,5.427135944366455
2020-03-02,1708.0,3.892965793609619,2.6010000705718994,27.93913650512696,30.81464576721192,1.8274246454238887,0.3989520072937011,87.0999984741211,5.675833225250244
2020-03-03,1717.25,3.752256393432617,2.5794999599456787,27.786771774291992,30.042949676513672,1.835405230522156,0.4038780033588409,87.13999938964844,5.648200035095215
2020-03-04,1721.25,3.892965793609619,2.5929999351501465,28.491439819335938,31.10735893249512,1.8274246454238887,0.3792510032653808,89.62999725341797,5.836105823516846
2020-03-05,1709.25,3.697535276412964,2.5824999809265137,28.00579261779785,30.25583267211914,1.878828406333924,0.3693999946117401,90.12000274658205,5.592935562133789
2020-03-06,1675.25,3.517740249633789,2.572999954223633,27.339210510253903,29.69701766967773,1.7411558628082275,0.3595489859580993,89.18000030517578,5.266863822937012
2020-03-09,1660.75,3.025256395339966,2.5239999294281006,24.55863571166992,27.568199157714844,1.453662633895874,0.3201470077037811,88.06999969482422,4.404712200164795
2020-03-10,1686.0,3.251955032348633,2.5339999198913574,25.39661407470703,29.563968658447266,1.6358767747879028,0.3496989905834198,90.1500015258789,5.195017814636231
2020-03-11,1681.0,3.009622097015381,2.51200008392334,24.044414520263672,27.99396133422852,1.5467941761016846,0.34477299451828,89.58999633789062,4.697622776031494
2020-03-12,1655.5,2.5484073162078857,2.4809999465942383,21.492372512817383,24.66768264770508,1.4253183603286743,0.3004449903964996,89.4800033569336,3.9570562839508057
2020-03-13,1668.0,2.775106191635132,2.4739999771118164,22.08277130126953,25.46599006652832,1.567040205001831,0.3152210116386413,90.12999725341795,4.808155536651611
2020-03-16,1677.75,2.36079478263855,2.3984999656677246,19.083171844482425,21.39462661743164,1.4334166049957275,0.2561169862747192,89.98999786376953,4.366026401519775
2020-03-17,1653.0,2.5562243461608887,2.315500020980835,20.092559814453125,24.534631729125977,1.591335415840149,0.2561169862747192,89.94999694824219,4.515244483947754
2020-03-18,1631.5,2.2357189655303955,2.1605000495910645,18.49277305603028,23.57666206359864,1.4253183603286743,0.1920879930257797,90.44000244140624,4.089694976806641
2020-03-19,1625.5,2.102826833724976,2.200000047683716,18.28327369689941,24.268529891967773,1.417219877243042,0.1477600038051605,89.97000122070312,3.968109846115112
2020-03-20,1588.25,2.0871927738189697,2.190500020980835,17.807147979736328,23.071069717407227,1.4334166049957275,0.2265650033950805,89.56999969482422,3.857577562332153
2020-03-23,1559.0,1.993386030197144,2.119499921798706,17.264366149902344,21.634117126464844,1.3483834266662598,0.2216400057077407,88.55000305175781,3.636512279510498
2020-03-24,1559.25,2.32170844078064,2.197499990463257,19.83545112609864,23.949207305908203,1.417219877243042,0.2265650033950805,88.45999908447266,4.144961357116699
2020-03-25,1547.5,2.376428842544556,2.233999967575073,21.23526191711425,25.19989013671875,1.514400601387024,0.2364159971475601,88.7699966430664,4.443398475646973
2020-03-26,1530.75,2.4624183177948,2.2079999446868896,21.55902862548828,25.599040985107425,1.5224990844726562,0.2511920034885406,88.5999984741211,4.598143577575684
2020-03-27,1539.0,2.36079478263855,2.197000026702881,20.32110023498535,24.215309143066406,1.4334166049957275,0.2462670058012008,88.48999786376953,4.332866668701172
2020-03-30,1530.0,2.266988039016724,2.1619999408721924,20.721046447753903,24.96039581298828,1.5063023567199707,0.2314909994602203,88.22000122070312,4.443398475646973
2020-03-31,1512.0,2.3138911724090576,2.240000009536743,20.67343521118164,24.96039581298828,1.4293673038482666,0.2561169862747192,88.0199966430664,4.581563472747803
2020-04-01,1488.75,2.2435364723205566,2.191999912261963,19.473596572875977,24.162090301513672,1.53464674949646,0.2610430121421814,80.33999633789062,4.5041913986206055
2020-04-02,1492.5,2.4233319759368896,2.2330000400543213,19.72117805480957,25.09344482421875,1.4982038736343384,0.2561169862747192,81.7300033569336,4.5041913986206055
2020-04-03,1478.0,2.2591710090637207,2.2100000381469727,19.34980010986328,24.401580810546875,1.4820069074630735,0.2117889970541,82.37999725341797,4.189174652099609
2020-04-06,1457.5,2.4624183177948,2.234999895095825,20.892454147338867,26.02480697631836,1.5508434772491455,0.2167149931192398,82.48999786376953,4.482085227966309
2020-04-07,1473.0,2.6578481197357178,2.2885000705718994,21.140043258666992,25.572429656982425,1.494154691696167,0.2216400057077407,81.9000015258789,4.631303310394287
2020-04-08,1452.0,2.6578481197357178,2.2780001163482666,21.778051376342773,25.67887115478516,1.571089506149292,0.2167149931192398,82.87000274658203,4.664463043212891
2020-04-09,1460.25,2.7907402515411377,2.2774999141693115,22.482715606689453,26.690061569213867,1.6439752578735352,0.2265650033950805,83.3499984741211,4.697622776031494
2020-04-13,1460.25,2.782922983169556,2.320499897003174,22.34939956665039,26.34412956237793,,,83.83999633789062,4.73630952835083
2020-04-14,1475.0,2.79855751991272,2.3469998836517334,23.1112060546875,27.35531616210937,1.6682701110839844,0.2462670058012008,84.25,4.74736213684082
2020-04-15,1475.25,2.587493419647217,2.3125,22.40653419494629,26.326385498046875,1.6844671964645386,0.2364159971475601,84.22000122070312,4.56498384475708
2020-04-16,1499.5,2.540589570999145,2.304500102996826,22.67316627502441,26.095766067504883,1.6115814447402954,0.2265650033950805,84.04000091552734,4.493139266967773
2020-04-17,1502.5,2.72820258140564,2.35349988937378,23.339746475219727,26.84972381591797,1.6682701110839844,0.2314909994602203,84.16999816894531,4.6202497482299805
2020-04-20,1491.0,2.7047510147094727,2.3345000743865967,22.92075538635254,26.379610061645508,1.6115814447402954,0.2265650033950805,84.43000030517578,4.415765762329102
2020-04-21,1484.0,2.5484073162078857,2.2669999599456787,21.99706649780273,25.315200805664062,1.514400601387024,0.2117889970541,83.91999816894531,4.305233001708984
2020-04-22,1510.0,2.6578481197357178,2.317500114440918,22.616029739379883,25.927234649658203,1.4658101797103882,0.2019390016794204,84.12999725341797,4.404712200164795
2020-04-23,1501.25,2.696934223175049,2.3239998817443848,22.68268775939941,26.42395782470703,1.494154691696167,0.2068639993667602,84.04000091552734,4.34391975402832
2020-04-24,1499.5,2.696934223175049,2.3480000495910645,22.93979835510254,26.33525848388672,1.494154691696167,0.2068639993667602,83.9800033569336,4.238913536071777
2020-04-27,1497.25,2.696934223175049,2.381999969482422,23.625423431396484,26.610231399536133,1.538696050643921,0.2265650033950805,83.95999908447266,4.354973316192627
2020-04-28,1492.0,2.782922983169556,2.378999948501587,23.996801376342773,26.94729232788086,1.502253174781799,0.2167149931192398,83.87999725341797,4.482085227966309
2020-04-29,1502.5,2.9939873218536377,2.374500036239624,24.67289924621582,27.408536911010746,1.514400601387024,0.2265650033950805,83.83000183105469,4.841314792633057
2020-04-30,1491.25,2.853278160095215,2.3540000915527344,24.1872501373291,27.81656265258789,1.607532262802124,0.2314909994602203,83.83999633789062,4.559458255767822
2020-05-01,1489.5,2.6812996864318848,2.31850004196167,22.89218711853028,26.548139572143555,1.526548147201538,0.2314909994602203,82.5,4.410239219665527
2020-05-04,1479.0,2.6656649112701416,2.3239998817443848,23.1588191986084,26.512659072875977,1.4820069074630735,0.2216400057077407,82.1500015258789,4.410239219665527
2020-05-05,1482.25,2.736020088195801,2.3410000801086426,23.530197143554688,27.5061092376709,1.5305973291397097,0.2265650033950805,83.05999755859375,4.316286087036133
2020-05-06,1477.75,2.7516543865203857,2.352499961853028,23.349271774291992,27.55932807922364,1.5063023567199707,0.2314909994602203,83.29000091552734,4.299706935882568
2020-05-07,1479.25,2.8298261165618896,2.385499954223633,23.749217987060547,27.568199157714844,1.5103516578674316,0.2364159971475601,85.93000030517578,4.382606029510498
2020-05-08,1479.25,2.861095666885376,2.408499956130981,24.56814956665039,27.81656265258789,1.4982038736343384,0.2610430121421814,86.83999633789062,4.708676815032959
2020-05-11,1482.75,2.8298261165618896,2.381999969482422,24.549108505249023,28.348764419555664,1.5589419603347778,0.295520007610321,86.69000244140625,4.548404693603516
2020-05-12,1469.75,2.736020088195801,2.3605000972747803,23.644466400146484,27.62141990661621,1.494154691696167,0.2758190035820007,87.80999755859375,4.47655725479126
2020-05-13,1467.5,2.587493419647217,2.3489999771118164,23.644466400146484,27.594810485839844,1.4982038736343384,0.2758190035820007,88.3499984741211,4.5207719802856445
2020-05-14,1467.5,2.59531044960022,2.3510000705718994,23.58733367919922,27.38192749023437,1.4455643892288208,0.2708930075168609,88.73999786376953,4.553930759429932
2020-05-15,1467.5,2.650031089782715,2.3334999084472656,23.720645904541016,27.48836708068848,1.5103516578674316,0.26596799492836,89.5,4.570511341094971
2020-05-18,1481.25,2.845461130142212,2.4049999713897705,24.863353729248047,28.916446685791016,1.5224990844726562,0.2610430121421814,91.48999786376952,4.979480743408203
2020-05-19,1478.5,2.8767294883728027,2.4230000972747803,24.825258255004883,28.384246826171875,1.6115814447402954,0.2610430121421814,90.6500015258789,5.01263952255249
2020-05-20,1498.75,2.907998561859131,2.4674999713897705,25.56801986694336,29.11158943176269,1.603482961654663,0.3053709864616394,91.12999725341795,5.123172760009766
2020-05-21,1506.75,2.845461130142212,2.45199990272522,25.76799201965332,29.09385299682617,1.5791878700256348,0.2856689989566803,91.1999969482422,5.045799255371094
2020-05-22,1489.75,2.7907402515411377,2.4089999198913574,25.596588134765625,28.774526596069336,1.5427449941635132,0.2807439863681793,91.41999816894533,4.962900161743164
2020-05-25,,,,,,1.53464674949646,0.2807439863681793,,
2020-05-26,1502.75,2.923632860183716,2.438499927520752,27.139238357543945,29.191425323486328,1.5508434772491455,0.2856689989566803,91.63999938964844,5.034746170043945
2020-05-27,1513.0,2.9939873218536377,2.4024999141693115,27.16780662536621,29.830066680908203,1.5994340181350708,0.3152210116386413,91.80999755859376,5.288970470428467
2020-05-28,1530.75,2.962718963623047,2.4130001068115234,27.129716873168945,30.15825843811035,1.5791878700256348,0.3053709864616394,92.0500030517578,5.145278453826904
2020-05-29,1532.25,2.892364263534546,2.426500082015991,27.17733383178711,29.971986770629883,1.5467941761016846,0.2856689989566803,92.54000091552734,5.393976211547852
2020-06-01,1535.75,3.04089093208313,2.4744999408721924,27.98674392700196,30.663854598999023,1.5791878700256348,0.29059499502182,99.16000366210938,5.438189506530762
2020-06-02,1557.25,3.150331735610962,2.494499921798706,28.377168655395508,31.045270919799805,1.6358767747879028,0.2856689989566803,100.66999816894533,5.6703081130981445
2020-06-03,1572.5,3.283224105834961,2.496500015258789,28.92947578430176,31.887924194335938,1.7492542266845703,0.3053709864616394,100.4000015258789,5.841632843017578
2020-06-04,1569.25,3.306675672531128,2.493000030517578,28.967567443847656,32.35803985595703,1.789746642112732,0.3201470077037811,98.8499984741211,5.990850448608398
2020-06-05,1596.75,3.502105951309204,2.556999921798706,30.215017318725582,33.750640869140625,1.773549199104309,0.4038780033588409,100.26000213623048,6.101381778717041
2020-06-08,1617.5,3.603729248046875,2.569999933242798,31.176801681518555,34.27397537231445,,,103.41000366210938,6.228495597839356
2020-06-09,1613.0,3.478654146194458,2.6005001068115234,30.643535614013672,33.67081069946289,1.895025491714477,0.4038780033588409,102.9800033569336,6.200861930847168
2020-06-10,1633.0,3.533374071121216,2.657000064849853,30.81493759155273,33.07651901245117,1.854533314704895,0.3940269947052002,102.88999938964844,6.090331554412842
2020-06-11,1604.0,3.1894173622131348,2.5864999294281006,28.596189498901367,30.6727294921875,1.773549199104309,0.3496989905834198,102.75,5.664780139923096
2020-06-12,1604.0,3.322309970855713,2.6015000343322754,29.062793731689453,31.11622810363769,1.7006635665893557,0.3201470077037811,103.58999633789062,5.874792575836182
2020-06-15,1572.0,3.306675672531128,2.56850004196167,28.6533203125,30.282442092895508,1.6156305074691772,0.2856689989566803,103.06999969482422,5.863739013671875
2020-06-16,1593.5,3.330127477645874,2.565999984741211,29.51987648010254,31.054134368896484,1.6682701110839844,0.3004449903964996,103.45999908447266,5.891371726989746
2020-06-17,1602.25,3.330127477645874,2.5920000076293945,29.33894729614257,31.071876525878903,1.6601718664169312,0.29059499502182,103.18000030517578,5.935584545135498
2020-06-18,1607.75,3.275407075881958,2.5910000801086426,29.53892135620117,30.79690933227539,1.6682701110839844,0.3004449903964996,103.0500030517578,5.830579280853272
2020-06-19,1585.5,3.1894173622131348,2.615000009536743,29.83412170410156,30.69046401977539,1.6156305074691772,0.3053709864616394,103.04000091552734,5.697940826416016
2020-06-22,1595.25,3.1894173622131348,2.6554999351501465,30.215017318725582,30.81464576721192,1.6682701110839844,0.3201470077037811,102.93000030517578,5.780838966369629
2020-06-23,1586.0,3.306675672531128,2.6600000858306885,30.34833717346192,30.708202362060547,1.6763687133789062,0.3152210116386413,102.8499984741211,5.96874475479126
2020-06-24,1567.25,3.20505166053772,2.650500059127808,29.83412170410156,30.61063575744629,1.6601718664169312,0.3053709864616394,103.12000274658205,5.747679710388184
2020-06-25,1563.25,3.2675893306732178,2.6624999046325684,29.91029930114746,30.43323516845703,1.5953845977783203,0.2856689989566803,103.08000183105467,5.836105823516846
2020-06-26,1588.5,3.17378306388855,2.671999931335449,29.74841690063477,29.74136543273925,1.6196799278259275,0.2856689989566803,103.2300033569336,5.63162088394165
2020-06-29,1597.75,3.20505166053772,2.679500102996826,30.08439064025879,30.131650924682617,1.5994340181350708,0.26596799492836,103.05999755859376,5.642673492431641
2020-06-30,1617.5,3.291041374206543,2.713500022888184,30.29496955871582,30.27357292175293,1.6520735025405884,0.2708930075168609,102.9499969482422,5.697940826416016
2020-07-01,1619.75,3.251955032348633,2.7170000076293945,30.495983123779297,30.61063575744629,1.6520735025405884,0.295520007610321,98.01000213623048,5.681358814239502
2020-07-02,1617.75,3.314492702484131,2.7335000038146973,30.9841423034668,31.204933166503903,1.6763687133789062,0.29059499502182,98.94000244140624,5.753206729888916
2020-07-03,,,,,,1.7249590158462524,0.3004449903964996,,
2020-07-06,1618.25,3.384847402572632,2.7660000324249268,33.4154052734375,33.63533401489258,1.6844671964645386,0.3250719904899597,101.54000091552734,5.858211994171143
2020-07-07,1609.75,3.369213342666626,2.7874999046325684,33.6738395690918,33.48453521728516,1.6682701110839844,0.3102959990501404,103.04000091552734,5.786365509033203
2020-07-08,1642.5,3.400482177734375,2.814500093460083,34.13329315185547,34.58443069458008,1.6682701110839844,0.3102959990501404,105.02999877929688,5.946637630462647
2020-07-09,1635.75,3.408299207687378,2.828000068664551,34.07585525512695,34.46024703979492,1.6925653219223022,0.3152210116386413,104.61000061035156,5.874792575836182
2020-07-10,1654.5,3.44738507270813,2.88700008392334,34.82246780395508,34.442508697509766,1.6520735025405884,0.3053709864616394,105.58999633789062,5.963218688964844
2020-07-13,1653.75,3.377030611038208,2.941999912261963,36.018951416015625,35.498046875,1.71686053276062,0.3102959990501404,106.93000030517578,5.957690715789795
2020-07-14,1637.5,3.5099222660064697,2.91599988937378,35.569068908691406,35.19646072387695,1.6763687133789062,0.295520007610321,107.4499969482422,6.4108734130859375
2020-07-15,1621.25,3.556826591491699,2.870500087738037,35.54034805297852,34.859397888183594,1.7330574989318848,0.3299970030784607,107.56999969482422,6.377715110778809
2020-07-16,1629.75,3.541191816329956,2.885999917984009,34.037574768066406,33.92804336547852,1.7249590158462524,0.3299970030784607,107.1999969482422,6.234022617340088
2020-07-17,1632.0,3.588095188140869,2.887500047683716,34.07585525512695,34.167537689208984,1.7978445291519165,0.3201470077037811,107.22000122070312,6.250601768493652
2020-07-20,1635.5,3.595911979675293,2.8984999656677246,34.85117721557617,35.66657638549805,1.7573528289794922,0.3250719904899597,107.18000030517578,6.322446823120117
2020-07-21,1654.5,3.595911979675293,2.940999984741211,34.85117721557617,36.09233856201172,1.7816479206085205,0.3644750118255615,107.58000183105467,6.333500385284424
2020-07-22,1651.75,3.525557041168213,2.908499956130981,34.85117721557617,35.84397506713867,1.7573528289794922,0.3349229991436004,108.04000091552734,6.399819850921631
2020-07-23,1661.25,3.572460174560547,2.924499988555908,34.93732833862305,36.23426055908203,1.789746642112732,0.34477299451828,107.77999877929688,6.239548683166504
2020-07-24,1660.25,3.61154580116272,2.881999969482422,33.40583419799805,35.48917007446289,1.773549199104309,0.3299970030784607,107.69000244140624,6.222968578338623
2020-07-27,1668.5,3.689718246459961,2.888000011444092,33.597267150878906,36.34070587158203,1.8059427738189693,0.34477299451828,107.45999908447266,6.582199096679688
2020-07-28,1688.75,3.650632858276367,2.9049999713897705,33.664268493652344,36.6334114074707,1.7816479206085205,0.3398480117321014,107.72000122070312,6.488246440887451
2020-07-29,1688.25,3.689718246459961,2.9054999351501465,34.36301040649414,36.5802001953125,1.7330574989318848,0.3398480117321014,107.87999725341795,6.68167781829834
2020-07-30,1690.0,3.603729248046875,2.9045000076293945,34.07585525512695,35.82624053955078,1.7573528289794922,0.3349229991436004,108.0500030517578,6.549039363861084
2020-07-31,1693.0,3.564643383026123,2.858999967575073,34.372581481933594,35.53352737426758,1.6682701110839844,0.3250719904899597,108.9000015258789,6.432979106903076
2020-08-03,1732.5,3.650632858276367,2.907999992370605,35.90408706665039,36.30522537231445,1.6520735025405884,0.3398480117321014,114.20999908447266,6.311394214630127
2020-08-04,1759.5,3.681900978088379,2.88949990272522,35.93279266357422,37.15674591064453,1.7006635665893557,0.3644750118255615,115.5500030517578,6.3500800132751465
2020-08-05,1752.0,3.947686910629273,2.9114999771118164,36.612396240234375,38.64692306518555,1.7249590158462524,0.3841759860515594,116.2699966430664,6.4992995262146
2020-08-06,1759.0,3.681900978088379,2.9054999351501465,36.66983795166016,39.21460723876953,1.789746642112732,0.4038780033588409,118.88999938964844,6.37218713760376
2020-08-07,1753.25,3.525557041168213,2.790499925613404,36.5262565612793,38.629180908203125,1.789746642112732,0.3891009986400604,118.06999969482422,6.167702674865723
2020-08-10,1764.75,3.494288206100464,2.8585000038146973,36.64112091064453,38.398555755615234,1.7978445291519165,0.3841759860515594,118.33999633789062,6.278234004974365
2020-08-11,1765.75,3.564643383026123,2.871999979019165,36.67941284179688,37.79539489746094,1.8140416145324707,0.3891009986400604,119.27999877929688,6.173229694366455
2020-08-12,1761.5,3.588095188140869,2.88700008392334,37.1962890625,37.58251190185547,1.8059427738189693,0.3940269947052002,120.19000244140624,6.250601768493652
2020-08-13,1732.75,3.541191816329956,2.803999900817871,36.94741821289063,37.2898063659668,1.7816479206085205,0.4235790073871612,119.86000061035156,6.234022617340088
2020-08-14,1704.75,3.44738507270813,2.8559999465942383,36.71768951416016,37.15674591064453,1.773549199104309,0.4137279987335205,120.13999938964844,6.261655330657959
2020-08-17,1721.75,3.525557041168213,2.8980000019073486,37.24414443969727,37.89297103881836,1.7330574989318848,0.4137279987335205,120.45999908447266,6.278234004974365
2020-08-18,1749.0,3.533374071121216,2.970999956130981,37.09099578857422,37.66234588623047,1.7330574989318848,0.4235790073871612,122.75,6.4108734130859375
2020-08-19,1772.75,3.549009084701538,3.0190000534057617,36.40182113647461,36.87290573120117,1.7411558628082275,0.4038780033588409,122.47000122070312,6.256127834320068
2020-08-20,1768.75,3.455202341079712,2.970000028610229,36.04766082763672,37.07691955566406,1.7330574989318848,0.3891009986400604,123.73999786376952,6.289288520812988
2020-08-21,1746.0,3.400482177734375,2.9135000705718994,36.12423706054688,36.65115737915039,1.8059427738189693,0.3989520072937011,122.79000091552734,6.1234893798828125
2020-08-24,1741.0,3.463019847869873,2.922499895095825,36.80384063720703,37.17449569702149,1.7654513120651243,0.3940269947052002,122.56999969482422,6.245075702667236
2020-08-25,1745.5,3.4239330291748047,2.930999994277954,37.0144157409668,36.6600341796875,1.7654513120651243,0.3891009986400604,122.33999633789062,6.200861930847168
2020-08-26,1744.75,3.470836639404297,2.9595000743865967,37.05270385742188,36.28748321533203,1.7249590158462524,0.3644750118255615,122.45999908447266,6.106909275054932
2020-08-27,1746.25,3.400482177734375,2.9649999141693115,37.4068717956543,36.54471969604492,1.71686053276062,0.3644750118255615,122.38999938964844,6.040590286254883
2020-08-28,1777.25,3.48647141456604,2.994999885559082,37.83760070800781,36.89952087402344,1.7006635665893557,0.3595489859580993,122.4499969482422,6.245075702667236
2020-08-31,1777.25,3.658449172973633,3.04099988937378,37.63659286499024,36.3939208984375,1.7006635665893557,0.3693999946117401,122.52999877929688,6.079276084899902
2020-09-01,1793.0,3.580277681350708,3.009500026702881,38.67035675048828,36.6866340637207,1.7006635665893557,0.3792510032653808,123.68000030517578,6.355607509613037
2020-09-02,1770.25,3.6349985599517822,3.003000020980835,38.651214599609375,36.881778717041016,1.7573528289794922,0.4038780033588409,126.05999755859376,6.316921234130859
2020-09-03,1762.5,3.416116237640381,2.9579999446868896,36.966556549072266,35.99477767944336,1.8140416145324707,0.3891009986400604,128.3800048828125,6.211914539337158
2020-09-04,1769.25,3.564643383026123,3.046499967575073,37.100563049316406,36.35844421386719,1.7411558628082275,0.3792510032653808,127.52999877929688,6.289288520812988
2020-09-07,,,,,,1.7573528289794922,0.3841759860515594,,
2020-09-08,1781.5,3.478654146194458,3.012500047683716,35.42548751831055,35.577877044677734,1.7816479206085205,0.4038780033588409,128.02999877929688,6.101381778717041
2020-09-09,1766.0,3.517740249633789,3.039999961853028,35.82750701904297,35.87946319580078,1.7411558628082275,0.3989520072937011,126.77999877929688,6.256127834320068
2020-09-10,1775.5,3.439568042755127,2.986999988555908,35.3202018737793,34.77956771850586,1.744162678718567,0.4088029861450195,126.7699966430664,6.1234893798828125
2020-09-11,1764.5,3.588095188140869,3.0339999198913574,35.78922271728516,35.116634368896484,1.7360122203826904,0.4137279987335205,127.43000030517578,6.449559211730957
2020-09-14,1786.5,3.61154580116272,3.066499948501587,37.20586013793945,35.87059020996094,1.7686134576797483,0.4432800114154815,128.86000061035156,6.493772983551025
2020-09-15,1773.0,3.681900978088379,3.062999963760376,38.70864486694336,35.97703170776367,1.776763916015625,0.4679070115089416,128.00999450683594,6.543511867523193
2020-09-16,1774.25,3.720986843109131,3.058000087738037,38.55548477172852,36.03911972045898,1.7849137783050537,0.4580560028553009,126.01000213623048,6.4053473472595215
2020-09-17,1758.75,3.713170051574707,3.066499948501587,38.81393432617188,36.4471435546875,1.7604631185531616,0.4580560028553009,126.58999633789062,6.565618991851807
2020-09-18,1771.75,3.61154580116272,3.1135001182556152,39.1010856628418,37.059181213378906,1.8256653547286987,0.4679070115089416,127.08999633789062,6.361134052276611
2020-09-21,1758.5,3.455202341079712,3.0295000076293945,38.18218231201172,35.90606689453125,1.8501161336898804,0.4925340116024017,126.01000213623048,6.151122570037842
2020-09-22,1761.25,3.431750774383545,3.059000015258789,37.904598236083984,35.36499786376953,1.7686134576797483,0.4728319942951202,125.7300033569336,6.13210391998291
2020-09-23,1744.75,3.322309970855713,2.993499994277954,36.095516204833984,33.79499435424805,1.809364676475525,0.4383549988269806,124.79000091552734,6.137867450714111
2020-09-24,1732.75,3.330127477645874,2.969000101089477,35.626502990722656,33.13860321044922,1.7686134576797483,0.4137279987335205,123.97000122070312,6.166684150695801
2020-09-25,1743.75,3.314492702484131,2.9730000495910645,36.009376525878906,33.01442337036133,1.7604631185531616,0.4482060074806213,123.80999755859376,6.189735889434815
2020-09-28,1768.75,3.2675893306732178,2.989500045776367,36.57411193847656,33.2273063659668,1.7686134576797483,0.4531309902667999,124.20999908447266,6.045655250549316
2020-09-29,1786.5,3.220686435699463,2.9835000038146973,37.57916259765625,33.395843505859375,1.7604631185531616,0.4580560028553009,124.0199966430664,5.99954891204834
2020-09-30,1778.5,3.20505166053772,3.0285000801086426,38.33534622192383,33.449058532714844,1.6626594066619873,0.4482060074806213,123.9800033569336,6.097524166107178
2020-10-01,1743.0,3.1581485271453857,2.8635001182556152,38.80436325073242,33.8393440246582,1.703411102294922,0.4531309902667999,121.43000030517578,5.99954891204834
2020-10-02,1781.0,3.2128689289093018,2.97849988937378,38.354488372802734,33.262786865234375,1.6708098649978638,0.4186539947986603,120.5999984741211,5.988023281097412
2020-10-05,1783.5,3.298858404159546,2.9649999141693115,39.225528717041016,34.992454528808594,1.727861762046814,0.4383549988269806,121.02999877929688,6.195500373840332
2020-10-06,1779.0,3.251955032348633,2.9655001163482666,39.00537872314453,34.912620544433594,1.744162678718567,0.4531309902667999,121.83999633789062,6.051419258117676
2020-10-07,1800.5,3.384847402572632,3.0344998836517334,39.80941390991211,35.524654388427734,1.7523130178451538,0.4580560028553009,121.91000366210938,6.195500373840332
2020-10-08,1826.5,3.400482177734375,3.0420000553131104,39.97212600708008,36.06573486328125,1.776763916015625,0.47775799036026,122.45999908447266,6.368397235870361
2020-10-09,1870.5,3.470836639404297,3.0794999599456787,40.83359909057617,37.09466171264648,1.7849137783050537,0.4974589943885803,123.48999786376952,6.449082851409912
2020-10-12,1875.75,3.463019847869873,3.061000108718872,40.996315002441406,36.935001373291016,1.7849137783050537,0.4974589943885803,123.25,6.466372966766357
2020-10-13,1866.75,3.369213342666626,3.0425000190734863,40.96760177612305,36.438270568847656,1.7604631185531616,0.47775799036026,122.43000030517578,6.4606099128723145
2020-10-14,1859.75,3.369213342666626,3.047499895095825,40.948463439941406,36.518104553222656,1.703411102294922,0.482683002948761,121.4800033569336,6.5355329513549805
2020-10-15,1861.5,3.2675893306732178,3.0829999446868896,40.8623046875,36.29635238647461,1.7360122203826904,0.4925340116024017,121.12999725341795,6.443320274353027
2020-10-16,1871.75,3.2675893306732178,3.065000057220459,40.26886367797852,36.11008071899414,1.719711422920227,0.4925340116024017,121.44000244140624,6.391450881958008
2020-10-19,1858.0,3.291041374206543,3.0810000896453857,39.76155090332031,36.46488952636719,1.7930644750595093,0.4974589943885803,121.52999877929688,6.414503574371338
2020-10-20,1841.0,3.377030611038208,3.1435000896453857,40.85274505615234,36.7664680480957,1.7849137783050537,0.482683002948761,121.51000213623048,6.391450881958008
2020-10-21,1851.5,3.400482177734375,3.194499969482422,40.52729797363281,36.81081771850586,1.809364676475525,0.482683002948761,121.55999755859376,6.489426136016846
2020-10-22,1845.25,3.345761775970459,3.150000095367432,40.78573989868164,36.62454605102539,1.809364676475525,0.4679070115089416,121.33999633789062,6.512479782104492
2020-10-23,1845.5,3.369213342666626,3.125499963760376,40.38372039794922,36.57132339477539,1.809364676475525,0.482683002948761,121.0199966430664,6.518242359161377
2020-10-26,1831.25,3.337944269180298,3.088500022888184,40.32628631591797,36.03911972045898,1.8012148141860962,0.482683002948761,120.75,6.420267105102539
2020-10-27,1825.0,3.244138240814209,3.0899999141693115,40.95804214477539,36.3939208984375,1.7604631185531616,0.4531309902667999,120.62999725341795,6.36263370513916
2020-10-28,1811.5,3.119062900543213,3.056999921798706,40.40286636352539,35.33838653564453,1.727861762046814,0.4629819989204407,120.4499969482422,6.068708419799805
2020-10-29,1801.25,3.134697437286377,3.052000045776367,41.47491455078125,35.98590469360352,1.6708098649978638,0.4432800114154815,120.27999877929688,6.207026958465576
2020-10-30,1830.25,3.126880168914795,3.0434999465942383,41.28347396850586,35.73754119873047,1.6545093059539795,0.4482060074806213,120.19000244140624,6.091761589050293
2020-11-02,1873.25,3.126880168914795,3.073499917984009,42.7192611694336,36.24312973022461,1.6708098649978638,0.4334299862384796,117.69000244140624,6.178210258483887
2020-11-03,1901.75,3.251955032348633,3.086999893188477,43.31270980834961,37.93731689453125,1.7360122203826904,0.4531309902667999,116.47000122070312,6.333817005157471
2020-11-04,1908.75,3.228503704071045,3.1010000705718994,43.85830307006836,38.8686752319336,1.7115612030029297,0.4580560028553009,116.83999633789062,6.247368812561035
2020-11-05,1895.5,3.314492702484131,3.1045000553131104,47.21803665161133,39.986305236816406,1.6952606439590454,0.4580560028553009,116.91999816894533,6.529769420623779
2020-11-06,1905.25,3.478654146194458,3.1489999294281006,47.07445526123047,40.56285858154297,1.7360122203826904,0.4531309902667999,117.62999725341795,6.783350467681885
2020-11-09,1900.25,3.642815351486206,3.15149998664856,48.39537811279297,41.53856658935547,1.7930644750595093,0.482683002948761,119.83999633789062,6.80064058303833
2020-11-10,1905.5,3.8304283618927,3.150500059127808,47.25632095336914,41.28133773803711,1.809364676475525,0.4925340116024017,120.3000030517578,6.760298252105713
2020-11-11,1909.75,3.838245153427124,3.128999948501587,46.634159088134766,41.352294921875,1.8419660329818728,0.5220860242843628,121.58999633789062,6.823694229125977
2020-11-12,1916.5,3.775707483291626,3.1429998874664307,46.66286849975586,41.42325592041016,1.8175148963928225,0.5220860242843628,121.0,6.6219801902771
2020-11-13,1922.5,3.8851492404937744,3.17549991607666,47.763633728027344,42.82473373413086,1.8012148141860962,0.5565630197525024,120.8000030517578,6.73148250579834
2020-11-16,1945.75,3.994588851928711,3.220000028610229,48.462379455566406,44.98015975952149,1.8256653547286987,0.5565630197525024,121.22000122070312,6.950486660003662
2020-11-17,1967.5,3.955503702163696,3.196500062942505,48.117794036865234,45.19303894042969,1.8664166927337649,0.5959659814834595,122.0,7.238649368286133
2020-11-18,1984.25,3.939868688583374,3.197999954223633,47.40947341918945,44.95354843139648,1.8664166927337649,0.5713390111923218,122.29000091552734,7.1464362144470215
2020-11-19,1971.0,3.955503702163696,3.2035000324249268,47.77321243286133,45.23739242553711,1.874567508697509,0.6402940154075623,122.83999633789062,7.353913307189941
2020-11-20,1971.75,4.010223388671875,3.2934999465942383,48.902679443359375,46.18648910522461,1.8908674716949463,0.6747710108757019,123.3499984741211,7.307807922363281
2020-11-23,1947.5,4.158751010894775,3.259500026702881,50.386322021484375,48.324180603027344,1.9234687089920044,0.7486510276794434,123.18000030517578,7.601733207702637
2020-11-24,1960.0,4.401083469390869,3.299999952316284,52.07097625732422,49.450679779052734,1.9805209636688232,0.728950023651123,123.4000015258789,8.074320793151855
2020-11-25,1948.75,4.479254722595215,3.312000036239624,50.75005722045898,48.6523666381836,2.004971981048584,0.7190989851951599,123.62999725341795,8.241456031799316
2020-11-26,,,,,,1.9886711835861208,0.778203010559082,,
2020-11-27,1977.75,4.440168857574463,3.399499893188477,50.9510612487793,49.76112747192383,2.004971981048584,0.8668599724769592,124.25,8.489275932312012
2020-11-30,2029.75,4.377632141113281,3.4205000400543213,49.98431015014648,48.89186096191406,1.9560701847076416,0.8767099976539612,124.62000274658205,8.391301155090332
2020-12-01,2052.75,4.588696479797363,3.4679999351501465,50.70219802856445,49.35310745239258,1.9805209636688232,0.9308890104293824,130.80999755859375,9.01373291015625
2020-12-02,2058.5,4.604331016540527,3.4749999046325684,50.14703369140625,49.18457412719727,1.996821403503418,1.0343209505081177,134.55999755859375,8.835071563720703
2020-12-03,2023.75,4.799760818481445,3.4790000915527344,50.12788772583008,49.37971496582031,2.070173978805542,1.0244710445404053,135.66000366210938,8.840832710266113
2020-12-04,2043.5,5.010825157165527,3.513999938964844,51.41051864624024,50.63926696777344,2.1272263526916504,0.9998440146446228,141.52999877929688,9.250024795532228
2020-12-07,2017.75,4.956104278564453,3.508500099182129,52.31983947753906,51.28678131103516,2.1190757751464844,0.9949190020561218,144.33999633789062,9.38258171081543
2020-12-08,1991.75,4.9248366355896,3.49399995803833,53.688621520996094,52.57294464111328,2.110925436019897,0.9998440146446228,145.0399932861328,9.330710411071776
2020-12-09,2038.25,4.9404706954956055,3.507999897003174,52.26241302490234,50.98520278930664,2.135376214981079,0.9998440146446228,146.27999877929688,9.273079872131348
2020-12-10,2054.75,4.909201145172119,3.570499897003174,52.65485763549805,50.7368392944336,2.1272263526916504,0.9998440146446228,150.6999969482422,9.797534942626951
2020-12-11,2018.0,4.870115756988525,3.5239999294281006,51.72638702392578,50.16028594970703,2.0946249961853027,0.8914859890937805,152.02000427246094,9.716849327087402
2020-12-14,2050.0,4.862298488616943,3.5220000743865967,52.549564361572266,50.337684631347656,2.1190757751464844,0.8570089936256409,149.60000610351562,9.486319541931152
2020-12-15,2025.0,5.0499114990234375,3.5380001068115234,53.7747688293457,51.26017379760742,2.086474895477295,0.8471580147743225,150.30999755859375,9.60734748840332
2020-12-16,2044.25,5.081179141998291,3.553999900817871,53.88963317871094,51.10938262939453,2.1190757751464844,0.8717849850654602,150.75,9.76295566558838
2020-12-17,2061.0,5.104632377624512,3.5969998836517334,54.148075103759766,52.34231948852539,2.143527030944824,0.8816360235214233,151.3699951171875,9.930089950561523
2020-12-18,2071.25,5.073362350463867,3.628499984741211,54.81809616088867,53.65509796142578,2.0946249961853027,0.8865609765052795,152.49000549316406,10.010775566101074
2020-12-21,2035.25,4.932653427124023,3.572999954223633,56.62718963623047,55.50310897827149,2.086474895477295,0.9013370275497437,155.11000061035156,9.797534942626951
2020-12-22,2007.5,4.807578086853027,3.5179998874664307,56.37831878662109,54.92141342163086,2.0457234382629395,0.8767099976539612,154.49000549316406,9.682269096374512
2020-12-23,2022.75,4.979556083679199,3.552000045776367,57.1632080078125,55.986366271972656,2.0294222831726074,0.8668599724769592,154.5,9.699559211730955
2020-12-24,2022.75,4.932653427124023,3.559999942779541,56.70375442504883,56.23694610595703,2.053873538970948,0.8964120149612427,155.02000427246094,9.734139442443848
2020-12-28,2022.75,4.932653427124023,3.569999933242798,58.22568893432617,58.510047912597656,,,155.35000610351562,9.641925811767578
2020-12-29,2002.25,4.901383876800537,3.552999973297119,56.722904205322266,55.64630126953125,2.0457234382629395,0.9949190020561218,155.57000732421875,9.705322265625
2020-12-30,2024.5,4.956104278564453,3.5429999828338623,59.73102188110352,57.86570739746094,2.037572860717773,0.960440993309021,155.6999969482422,9.768718719482422
2020-12-31,1990.0,4.901383876800537,3.513999938964844,59.32841110229492,58.90381622314453,2.013122081756592,0.9456650018692015,155.83999633789062,9.659215927124023
2021-01-04,2023.25,5.112448692321777,3.552999973297119,63.555885314941406,61.42749786376953,2.037572860717773,0.960440993309021,163.92999267578125,10.02806568145752
2021-01-05,2050.0,5.432953834533691,3.640500068664551,68.38726806640625,65.94685363769531,2.037572860717773,1.004768967628479,166.0800018310547,10.195199012756348
2021-01-06,2038.0,5.784728527069092,3.650000095367432,66.69054412841797,65.06983184814453,2.0212724208831787,1.1623799800872805,166.75999450683594,10.466072082519531
2021-01-07,2039.25,5.909802436828613,3.695499897003174,69.5184326171875,69.5176010131836,2.135376214981079,1.191931962966919,169.30999755859375,10.909842491149902
2021-01-08,2022.25,5.855082035064697,3.673500061035156,67.93673706054688,67.49507141113281,2.0946249961853027,1.1328279972076416,169.52000427246094,10.90407943725586
2021-01-11,2000.75,5.683104991912842,3.563999891281128,66.3646011352539,65.89315795898438,2.1190757751464844,1.1131269931793213,168.99000549316406,10.725419044494627
2021-01-12,2015.5,5.894168853759766,3.6050000190734863,68.34893035888672,66.60910034179688,2.1272263526916504,1.058948040008545,169.3300018310547,10.783051490783691
2021-01-13,2007.5,5.855082035064697,3.617000102996826,67.03563690185547,66.99391174316406,2.2087290287017822,1.098351001739502,169.50999450683594,10.460308074951172
2021-01-14,1997.75,6.050512790679932,3.6679999828338623,66.15370178222656,66.87757873535156,2.2087290287017822,1.0737240314483645,169.8000030517578,10.915607452392578
2021-01-15,1973.25,5.886351585388184,3.6029999256134033,65.46351623535156,64.77450561523438,2.1842782497406006,1.14267897605896,169.97000122070312,10.166383743286133
2021-01-18,,,,,,2.110925436019897,1.0737240314483645,,
2021-01-19,1953.25,5.855082035064697,3.635999917984009,66.35502624511719,67.28924560546875,2.143527030944824,1.108201026916504,170.02999877929688,10.149092674255373
2021-01-20,1929.5,5.98015832901001,3.6475000381469727,67.65873718261719,69.96505737304688,2.1761281490325928,1.1820820569992063,169.85000610351562,10.05688190460205
2021-01-21,2000.25,5.909802436828613,3.6554999351501465,68.49272155761719,73.96537780761719,2.167978048324585,1.2756630182266235,169.97999572753906,10.068408012390137
2021-01-22,1993.5,5.769093990325928,3.635499954223633,68.85700988769531,72.68563079833984,2.2576308250427246,1.2904390096664429,169.82000732421875,9.918560981750488
2021-01-25,2015.5,5.550212383270264,3.640500068664551,69.19249725341797,74.09960174560547,2.241330146789551,1.2017829418182373,169.77999877929688,9.768718719482422
2021-01-26,2020.25,5.432953834533691,3.628000020980835,68.62692260742188,73.96537780761719,,,169.52000427246094,9.89551067352295
2021-01-27,1996.25,5.0499114990234375,3.571500062942505,66.3454360961914,70.58255004882812,2.1598269939422607,1.2017829418182373,169.25999450683594,9.515135765075684
2021-01-28,1984.75,5.315696239471436,3.5829999446868896,65.86611938476562,69.3475570678711,2.1027753353118896,1.1229770183563232,168.6300048828125,9.653454780578612
2021-01-29,1982.0,5.1984381675720215,3.573499917984009,62.86567306518555,66.39432525634766,2.070173978805542,0.9949190020561218,168.1300048828125,9.307658195495604
2021-02-01,1963.0,5.339148044586182,3.562000036239624,63.891387939453125,68.55108642578125,2.151677370071411,1.152529001235962,154.74000549316406,9.647689819335938
2021-02-02,1966.5,5.245341777801514,3.5390000343322754,66.73848724365234,71.28954315185547,2.273931741714477,1.2067079544067385,148.4199981689453,9.440211296081545
2021-02-03,1973.25,5.276610851287842,3.5785000324249268,66.46046447753906,72.83776092529297,2.2087290287017822,1.191931962966919,150.80999755859375,9.734139442443848
2021-02-04,1994.0,5.237524032592773,3.565999984741211,65.14718627929688,71.01211547851562,2.225029706954956,1.1377530097961426,155.3300018310547,9.50937271118164
2021-02-05,2018.75,5.558029174804688,3.638999938964844,64.85001373291016,68.37210845947266,2.1598269939422607,1.098351001739502,153.89999389648438,9.947379112243652
2021-02-08,2035.5,5.66746997833252,3.678999900817871,66.422119140625,72.95409393310547,2.135376214981079,1.1377530097961426,156.10000610351562,10.17214584350586
2021-02-09,2063.5,5.714373588562012,3.733500003814697,67.79293060302734,74.55601501464844,2.0946249961853027,1.152529001235962,158.14999389648438,10.166383743286133
2021-02-10,2080.75,5.800363063812256,3.785500049591065,67.61080169677734,75.15560913085938,2.1190757751464844,1.1377530097961426,159.74000549316406,10.17214584350586
2021-02-11,2084.0,5.784728527069092,3.787499904632568,68.23389434814453,75.02137756347656,2.135376214981079,1.1229770183563232,160.0800018310547,10.010775566101074
2021-02-12,2091.75,5.8238139152526855,3.802000045776367,68.72279357910156,75.95209503173828,2.110925436019897,1.1229770183563232,159.64999389648438,10.085697174072266
2021-02-15,,,,,,2.1190757751464844,1.1820820569992063,,
2021-02-16,2083.0,6.23030948638916,3.848000049591065,71.23434448242188,81.33953857421875,2.151677370071411,1.2559620141983032,161.0,10.391149520874023
2021-02-17,2116.25,6.261577606201172,3.8359999656677246,70.08401489257812,82.60137176513672,2.2087290287017822,1.2904390096664429,161.99000549316406,10.298937797546388
2021-02-18,2141.5,6.324114799499512,3.9165000915527344,65.43476867675781,79.37964630126953,2.200578689575196,1.2313350439071655,164.58999633789062,10.362332344055176
2021-02-19,2132.0,6.46482515335083,4.090000152587891,65.48269653320312,81.2947769165039,2.1842782497406006,1.1328279972076416,164.07000732421875,10.500649452209473
2021-02-22,2167.0,6.660254955291748,4.152500152587891,63.37374114990234,83.52313995361328,2.249480724334717,1.2608870267868042,163.8699951171875,10.102988243103027
2021-02-23,2156.25,6.722792625427246,4.1875,61.91666412353516,80.13138580322266,2.3228330612182617,1.2165590524673462,164.16000366210938,10.316228866577148
2021-02-24,2189.75,6.738426685333252,4.301000118255615,63.03822708129883,81.25003814697266,2.2820816040039062,1.1771559715270996,164.52999877929688,10.402676582336426
2021-02-25,2253.25,6.51954460144043,4.265999794006348,58.46566390991211,73.83113098144531,2.3309834003448486,1.1771559715270996,165.02000427246094,10.02806568145752
2021-02-26,2182.5,6.292846202850342,4.0945000648498535,58.24517440795898,74.52916717529297,2.2576308250427246,1.2116340398788452,165.61000061035156,9.73990249633789
2021-03-01,2146.25,6.488276481628418,4.119500160217285,60.94845581054688,78.63687133789062,2.273931741714477,1.1623799800872805,171.74000549316406,10.102988243103027
2021-03-02,2231.25,6.49609375,4.231500148773193,60.823848724365234,76.20268249511719,2.233180046081543,1.1180520057678225,173.16000366210938,10.34504508972168
2021-03-03,2221.0,6.480459213256836,4.152999877929688,58.95454406738281,76.40850067138672,2.339133977890014,1.1623799800872805,174.1199951171875,10.304701805114746
2021-03-04,2186.0,6.07396411895752,3.990999937057495,54.94755935668945,71.02107238769531,2.3554341793060303,1.1180520057678225,174.94000244140625,10.085697174072266
2021-03-05,2194.75,6.214674472808838,4.086999893188477,56.55802917480469,68.9448471069336,2.3228330612182617,1.0737240314483645,173.1199951171875,10.69265842437744
2021-03-08,2190.5,6.238125801086426,4.103499889373779,53.26040267944336,67.05656433105469,2.3309834003448486,1.063873052597046,173.55999755859375,10.379231452941896
2021-03-09,2185.0,6.136501789093018,4.019499778747559,55.81989288330078,69.3475570678711,2.3309834003448486,1.1279029846191406,168.42999267578125,10.252656936645508
2021-03-10,2187.25,6.15213680267334,4.041999816894531,56.24168395996094,67.1371078491211,2.249480724334717,1.0786490440368652,168.44000244140625,10.379231452941896
2021-03-11,2195.75,6.316297054290772,4.14300012588501,59.539310455322266,72.50663757324219,2.264320373535156,1.0835750102996826,171.27999877929688,10.861428260803224
2021-03-12,2187.5,6.324114799499512,4.145500183105469,58.388973236083984,71.9428482055664,2.3217484951019287,1.1623799800872805,168.25999450683594,10.620330810546877
2021-03-15,2233.5,6.199039459228516,4.146500110626221,58.1109733581543,71.99652099609375,2.313544273376465,1.14267897605896,168.25999450683594,10.391286849975586
2021-03-16,2211.5,6.175588130950928,4.078999996185303,57.545387268066406,69.58024597167969,2.2889325618743896,1.1820820569992063,168.25999450683594,10.361150741577148
2021-03-17,2249.5,6.175588130950928,4.127999782562256,58.53276443481445,71.10161590576172,2.223299980163574,1.1673049926757812,168.2100067138672,10.584166526794434
2021-03-18,2232.5,6.105233192443848,4.117000102996826,57.00856399536133,69.11488342285156,2.239708185195923,1.1623799800872805,168.2100067138672,10.415398597717283
2021-03-19,2256.25,6.07396411895752,4.123499870300293,57.05650329589844,69.04329681396484,2.2150957584381104,1.14267897605896,168.0,10.397316932678224
2021-03-22,2283.5,6.042695999145508,4.14900016784668,56.83602142333984,68.73900604248047,2.2479124069213867,1.1131269931793213,167.3699951171875,10.252656936645508
2021-03-23,2240.0,5.737824440002441,4.0879998207092285,54.266937255859375,63.02941131591797,2.223299980163574,1.0737240314483645,167.00999450683594,9.99347686767578
2021-03-24,2248.5,5.8628997802734375,4.071499824523926,52.867374420166016,60.96214294433594,2.2150957584381104,1.0441720485687256,167.33999633789062,10.059779167175291
2021-03-25,2247.25,5.769093990325928,3.984999895095825,54.19984817504883,62.29557037353516,2.23150372505188,1.0244710445404053,167.0500030517578,9.8488187789917
2021-03-26,2295.75,6.167770385742188,4.078499794006348,55.90616989135742,65.49044799804688,2.2561159133911133,1.063873052597046,166.88999938964844,10.089917182922363
2021-03-29,2277.75,6.105233192443848,4.043000221252441,54.74625778198242,64.6044692993164,2.3299527168273926,1.063873052597046,166.97000122070312,10.222518920898438
2021-03-30,2237.25,6.105233192443848,3.983000040054321,55.47479248046875,66.50170135498047,2.297136306762696,1.0195449590682983,166.99000549316406,10.258685111999512
2021-03-31,2215.0,6.12868595123291,4.002999782562256,56.040374755859375,67.1102523803711,2.30534029006958,1.0293960571289062,166.89999389648438,10.475669860839844
2021-04-01,2234.5,6.18340539932251,4.003499984741211,57.31532669067383,68.29154968261719,2.3381564617156982,1.0737240314483645,163.67999267578125,10.318958282470703
2021-04-05,2234.5,6.331932544708252,4.14900016784668,58.01510620117188,68.58687591552734,,,163.88999938964844,11.018139839172363
2021-04-06,2273.75,6.261577606201172,4.126500129699707,57.57415390014648,68.84640502929688,2.313544273376465,1.0786490440368652,166.97999572753906,11.036222457885742
2021-04-07,2266.25,6.261577606201172,4.064000129699707,56.385475158691406,69.32071685791016,2.3709731101989746,1.0835750102996826,169.24000549316406,11.241154670715332
2021-04-08,2290.5,6.292846202850342,4.103499889373779,56.8264274597168,69.4191665649414,2.4119935035705566,1.0687990188598633,170.4499969482422,11.349649429321287
2021-04-09,2266.75,6.199039459228516,4.05049991607666,56.52926635742188,69.29387664794922,2.395585060119629,1.063873052597046,170.32000732421875,10.981974601745604
2021-04-12,2270.0,6.113050937652588,4.03000020980835,55.63776397705078,67.56665802001953,2.3709731101989746,1.0441720485687256,171.02999877929688,10.903618812561035
2021-04-13,2304.5,6.136501789093018,4.043000221252441,57.37283706665039,68.35419464111328,2.354564428329468,1.0392470359802246,171.0399932861328,10.96389389038086
2021-04-14,2336.5,6.488276481628418,4.139999866485596,58.53276443481445,70.19774627685547,2.346360683441162,1.049096941947937,171.4199981689453,11.397866249084473
2021-04-15,2347.25,6.574265003204346,4.230500221252441,58.734073638916016,70.09930419921875,2.4119935035705566,1.063873052597046,173.00999450683594,11.632939338684082
2021-04-16,2327.5,6.51954460144043,4.179999828338623,58.21641540527344,70.32302856445312,2.362768650054932,1.0687990188598633,174.88999938964844,11.77156925201416
2021-04-19,2340.75,6.6368021965026855,4.25,60.07612228393555,72.21131896972656,2.3709731101989746,1.054023027420044,174.72000122070312,11.71129322052002
2021-04-20,2320.25,6.331932544708252,4.223999977111816,58.78200149536133,69.01644134521484,2.3381564617156982,1.0441720485687256,178.5399932861328,11.548554420471191
2021-04-21,2377.25,6.39447021484375,4.286499977111816,59.6830940246582,71.06582641601562,2.3381564617156982,1.1377530097961426,176.1999969482422,11.705265998840332
2021-04-22,2368.0,6.370668888092041,4.2804999351501465,59.39551162719727,68.83745574951172,2.3299527168273926,1.0835750102996826,176.35000610351562,11.723349571228027
2021-04-23,2372.5,6.529339790344238,4.3429999351501465,60.65129089355469,71.66541290283203,2.3791768550872803,1.1328279972076416,176.9600067138672,11.84992504119873
2021-04-26,2406.25,6.727680206298828,4.447999954223633,61.05390548706055,72.99884796142578,2.354564428329468,1.1328279972076416,177.5800018310547,12.024721145629885
2021-04-27,2398.0,6.632476806640625,4.743000030517578,60.36370468139648,72.24711608886719,2.3709731101989746,1.1722309589385986,178.99000549316406,12.235679626464844
2021-04-28,2397.0,6.727680206298828,4.537000179290772,60.8621826171875,72.70352172851562,2.4037890434265137,1.1771559715270996,178.8000030517578,12.633488655090332
2021-04-29,2419.0,6.664211750030518,4.493000030517578,60.6800422668457,72.5513916015625,2.387381076812744,1.2264100313186646,179.30999755859375,12.693766593933104
2021-04-30,2413.0,6.426205158233643,4.479000091552734,60.95804977416992,71.42378234863281,2.362768650054932,1.1574549674987793,179.6300048828125,12.127187728881836
2021-05-03,2413.0,6.521406650543213,4.543000221252441,60.28702163696289,71.86229705810547,2.3381564617156982,1.1180520057678225,185.0399932861328,12.109106063842772
2021-05-04,2436.0,6.5531415939331055,4.535999774932861,59.40509414672852,71.99652099609375,2.4037890434265137,1.152529001235962,189.72000122070312,12.28389835357666
2021-05-05,2456.75,6.799081802368164,4.539000034332275,60.41163635253906,73.92061614990234,2.4201974868774414,1.1377530097961426,190.4100036621093,12.49485969543457
2021-05-06,2504.75,6.846683502197266,4.61899995803833,59.43385696411133,73.91166687011719,2.444808959960937,1.098351001739502,197.67999267578125,13.169931411743164
2021-05-07,2555.25,7.187828063964844,4.765999794006348,59.606407165527344,75.62992095947266,2.4612176418304443,1.0934250354766846,204.3500061035156,13.308560371398926
2021-05-10,2549.0,7.322697639465332,4.733500003814697,59.05039596557617,76.56958770751953,2.5268497467041016,1.108201026916504,215.47999572753903,13.290480613708496
2021-05-11,2542.75,7.425835132598877,4.778500080108643,58.04386520385742,74.66339874267578,2.5268497467041016,1.0441720485687256,215.2899932861328,13.6882905960083
2021-05-12,2513.75,7.346498966217041,4.752500057220459,56.30878448486328,71.16425323486328,2.46942138671875,1.0343209505081177,218.3800048828125,13.06143856048584
2021-05-13,2474.5,7.243363380432129,4.70550012588501,56.27044296264648,69.66973876953125,2.4201974868774414,0.9850680232048036,212.0500030517578,12.820341110229492
2021-05-14,2475.75,7.25922966003418,4.664000034332275,58.1109733581543,70.10824584960938,2.4037890434265137,0.960440993309021,210.0800018310547,12.67568302154541
2021-05-17,2525.75,7.306832313537598,4.721499919891357,58.14931488037109,70.95841979980469,2.428401470184326,0.9801419973373412,214.9900054931641,13.013218879699709
2021-05-18,2499.75,7.235429763793945,4.735499858856201,58.9066162109375,71.9428482055664,2.485829591751098,0.9850680232048036,213.22999572753903,13.200066566467283
2021-05-19,2434.75,6.98948860168457,4.589499950408936,59.0887565612793,70.60941314697266,2.395585060119629,0.9505900144577026,211.9600067138672,12.723901748657228
2021-05-20,2424.5,6.981554985046387,4.581999778747559,59.85563659667969,70.19774627685547,2.3299527168273926,0.911188006401062,211.1499938964844,12.699792861938477
2021-05-21,2388.5,6.918086528778076,4.495999813079834,59.70226287841797,69.75921630859375,2.354564428329468,1.0244710445404053,209.1300048828125,12.326092720031738
2021-05-24,2406.5,6.957755088806152,4.541500091552734,60.73756408691406,70.27828979492188,2.313544273376465,0.9801419973373412,208.1999969482422,12.422532081604004
2021-05-25,2393.5,6.759415149688721,4.521999835968018,61.27438354492188,70.41252899169922,2.3709731101989746,0.9752169847488404,207.009994506836,12.139239311218262
2021-05-26,2424.5,6.854617118835449,4.5329999923706055,61.35107803344727,72.21131896972656,2.346360683441162,0.9899929761886596,206.88999938964844,12.476778030395508
2021-05-27,2501.25,7.227496147155762,4.666500091552734,62.07003402709961,73.70584106445312,2.3299527168273926,1.004768967628479,206.3699951171875,12.741985321044922
2021-05-28,2519.5,7.17989444732666,4.682499885559082,63.69008255004883,74.70816040039062,2.4612176418304443,1.0195449590682983,205.72999572753903,12.971027374267578
2021-05-31,,,,,,2.444808959960937,1.004768967628479,,
2021-06-01,2493.0,7.409969329833984,4.662000179290772,65.10881805419922,76.64118194580078,2.46942138671875,1.004768967628479,204.8999938964844,13.38089370727539
2021-06-02,2465.25,7.433769702911377,4.599999904632568,65.37724304199219,77.70613861083984,2.518645763397217,1.0786490440368652,204.9600067138672,13.664180755615234
2021-06-03,2427.75,7.243363380432129,4.471499919891357,64.36112213134766,76.7396240234375,2.510442018508911,1.063873052597046,208.0,13.501441955566406
2021-06-04,2478.25,7.394101619720459,4.537499904632568,66.25916290283203,78.88744354248047,2.4940338134765625,1.058948040008545,206.2899932861328,13.531579971313477
2021-06-07,2452.75,7.227496147155762,4.534999847412109,65.8277816772461,77.87617492675781,2.4612176418304443,1.0244710445404053,202.4100036621093,13.429113388061523
2021-06-08,2470.75,7.235429763793945,4.563000202178955,65.44434356689453,76.32796478271484,2.444808959960937,1.0195449590682983,207.83999633789065,13.18801498413086
2021-06-09,2475.25,7.100559234619141,4.536499977111816,65.1950912475586,75.37935638427734,2.45301365852356,1.0293960571289062,210.19000244140625,13.35075569152832
2021-06-10,2500.75,7.148160457611084,4.489999771118164,66.17288970947266,75.30774688720703,2.444808959960937,1.0441720485687256,211.9100036621093,13.398974418640137
2021-06-11,2488.75,7.330632209777832,4.541500091552734,67.3807373046875,75.54937744140625,2.4201974868774414,1.0687990188598633,213.1300048828125,13.501441955566406
2021-06-14,2518.0,7.298899173736572,4.5320000648498535,67.20819854736328,75.58517456054688,,,214.0500030517578,13.57979965209961
2021-06-15,2479.75,7.164026737213135,4.340000152587891,66.66178131103516,73.25837707519531,2.395585060119629,1.058948040008545,213.9600067138672,13.3447265625
2021-06-16,2488.25,6.926019668579102,4.392499923706055,64.04476928710938,71.4327392578125,2.346360683441162,1.0146199464797974,213.52999877929688,12.952942848205566
2021-06-17,2420.0,6.711813926696777,4.184500217437744,65.118408203125,70.26038360595703,2.297136306762696,0.9850680232048036,214.69000244140625,12.705820083618164
2021-06-18,2401.75,6.450005054473877,4.162499904632568,65.44434356689453,70.57361602783203,2.2807281017303467,0.9850680232048036,214.2100067138672,12.96500015258789
2021-06-21,2420.5,6.648344993591309,4.1875,65.89488220214844,70.89578247070312,2.297136306762696,0.95551598072052,212.75,13.260343551635742
2021-06-22,2439.25,6.767348766326904,4.234499931335449,65.79902648925781,71.65646362304688,2.3381564617156982,0.9899929761886596,213.4499969482422,13.567743301391602
2021-06-23,2447.25,6.799081802368164,4.330999851226807,67.34239959716797,73.24942016601562,2.354564428329468,0.9801419973373412,213.8000030517578,13.74253749847412
2021-06-24,2454.0,6.926019668579102,4.311500072479248,67.16984558105469,74.12645721435547,2.387381076812744,1.0392470359802246,213.75,13.91213607788086
2021-06-25,2502.0,6.910152912139893,4.298999786376953,68.0709457397461,74.6812973022461,2.4037890434265137,1.0146199464797974,214.1699981689453,13.93671989440918
2021-06-28,2511.5,6.767348766326904,4.277999877929688,69.10623931884766,74.20699310302734,2.428401470184326,1.004768967628479,215.259994506836,13.783096313476562
2021-06-29,2569.0,6.83875036239624,4.276500225067139,69.0064926147461,74.11750030517578,2.3791768550872803,1.004768967628479,214.3600006103516,14.010456085205078
2021-06-30,2548.75,6.783215522766113,4.296500205993652,69.49563598632812,76.03263854980469,2.4037890434265137,1.0195449590682983,214.5500030517578,14.0166015625
2021-07-01,2534.75,6.759415149688721,4.242000102996826,69.10240173339844,75.02137756347656,2.4201974868774414,1.054023027420044,213.58999633789065,13.586456298828123
2021-07-02,2585.75,6.910152912139893,4.2820000648498535,69.11199188232422,76.02368927001953,2.4201974868774414,1.0737240314483645,212.4600067138672,13.813817977905272
2021-07-05,,,,,,2.4201974868774414,1.0392470359802246,,
2021-07-06,2556.0,6.775281429290772,4.257999897003174,69.831298828125,76.9633560180664,2.395585060119629,1.004768967628479,217.5800018310547,13.494282722473145
2021-07-07,2524.0,6.926019668579102,4.328999996185303,72.31533813476562,80.09558868408203,2.387381076812744,1.0146199464797974,218.1100006103516,13.475847244262695
2021-07-08,2467.0,6.7356133460998535,4.271500110626221,72.68939208984375,80.3461685180664,2.4119935035705566,1.0392470359802246,216.32000732421875,13.371384620666504
2021-07-09,2521.75,6.997422695159912,4.352499961853027,74.99120330810547,85.6799087524414,2.4037890434265137,1.009695053100586,215.77999877929688,13.776949882507324
2021-07-12,2511.25,6.933953285217285,4.322999954223633,78.23292541503906,89.12535095214844,2.436605453491211,1.0343209505081177,217.3300018310547,13.715500831604004
2021-07-13,2559.25,6.83875036239624,4.314499855041504,77.23548126220703,87.10282897949219,2.4119935035705566,1.108201026916504,218.259994506836,13.764660835266112
2021-07-14,2542.5,6.96568775177002,4.276999950408936,75.39403533935547,85.29508209228516,2.387381076812744,1.14267897605896,217.94000244140625,13.924428939819336
2021-07-15,2534.75,6.98948860168457,4.333000183105469,76.53535461425781,87.85456848144531,2.428401470184326,1.1574549674987793,218.67999267578125,13.850689888000488
2021-07-16,2506.25,6.672144889831543,4.332499980926514,74.04170989990234,85.4293212890625,2.436605453491211,1.1673049926757812,219.7700042724609,13.561877250671388
2021-07-19,2440.0,6.362735748291016,4.2104997634887695,72.50715637207031,82.59242248535156,2.354564428329468,1.098351001739502,219.5,13.119441032409668
2021-07-20,2485.25,6.529339790344238,4.273499965667725,74.78981018066406,85.76045227050781,2.30534029006958,1.0835750102996826,219.3600006103516,13.291501998901367
2021-07-21,2478.0,6.830816745758057,4.28249979019165,78.22332763671875,91.9264678955078,2.3299527168273926,1.1229770183563232,218.3699951171875,13.549586296081545
2021-07-22,2508.75,6.799081802368164,4.3480000495910645,78.41515350341797,92.35602569580078,2.395585060119629,1.2362600564956665,213.8099975585937,13.481992721557615
2021-07-23,2531.25,6.878418445587158,4.406499862670898,77.05325317382812,91.6221923828125,2.4201974868774414,1.2756630182266235,216.02999877929688,13.488140106201172
2021-07-26,2542.0,7.148160457611084,4.589000225067139,77.16832733154297,93.71631622314452,2.45301365852356,1.3347669839859009,215.1600036621093,13.850689888000488
2021-07-27,2515.25,7.060891628265381,4.546000003814697,73.69644165039062,90.35140228271484,2.477625608444214,1.3840210437774658,214.9900054931641,13.62332820892334
2021-07-28,2557.0,7.195761680603027,4.479000091552734,76.85183715820312,92.0517578125,2.4037890434265137,1.3938709497451782,214.44000244140625,14.096487998962402
2021-07-29,2620.75,7.2671637535095215,4.519999980926514,79.30711364746094,96.17735290527344,2.436605453491211,1.4579010009765625,213.5200042724609,14.053473472595217
2021-07-30,2624.25,7.084691524505615,4.480500221252441,79.87297058105469,97.31390380859376,2.436605453491211,1.3840210437774658,211.9900054931641,12.91666030883789
2021-08-02,2647.0,7.11642599105835,4.432000160217285,79.96887969970703,97.04541778564452,2.45301365852356,1.4086469411849976,181.2100067138672,13.033409118652344
2021-08-03,2607.75,7.283031463623047,4.382999897003174,78.48229217529297,94.7723159790039,2.4612176418304443,1.4579010009765625,181.009994506836,13.359090805053713
2021-08-04,2589.25,7.17989444732666,4.329999923706055,81.99254608154297,99.23798370361328,2.4612176418304443,1.5022289752960205,182.509994506836,13.328371047973633
2021-08-05,2610.25,7.092625141143799,4.3454999923706055,82.14601135253906,98.18197631835938,2.428401470184326,1.4381990432739258,171.91000366210938,12.892078399658203
2021-08-06,2601.25,7.100559234619141,4.3454999923706055,82.91326904296875,99.93602752685548,2.436605453491211,1.5071539878845217,172.00999450683594,12.867497444152832
2021-08-09,2570.75,7.124359130859375,4.287000179290772,82.21315002441406,98.69207763671876,2.428401470184326,1.4628260135650637,173.52000427246094,12.806050300598145
2021-08-10,2596.75,7.2671637535095215,4.351500034332275,82.10765075683594,100.57141876220705,2.4037890434265137,1.5416309833526611,168.58999633789062,13.002686500549316
2021-08-11,2607.75,7.513105869293213,4.363999843597412,82.95164489746094,102.0032958984375,2.4119935035705566,1.5120790004730225,169.05999755859375,12.922802925109863
2021-08-12,2593.5,7.409969329833984,4.355999946594238,83.3065185546875,101.95854949951172,2.4612176418304443,1.5022289752960205,167.94000244140625,12.8306303024292
2021-08-13,2618.0,7.370302677154541,4.38700008392334,82.53924560546875,101.13522338867188,2.46942138671875,1.4579010009765625,167.9499969482422,12.683151245117188
2021-08-16,2616.25,7.227496147155762,4.322000026702881,78.6549301147461,95.21083068847656,2.436605453491211,1.3889460563659668,166.9600067138672,12.677006721496582
2021-08-17,2613.75,7.052956581115723,4.199999809265137,76.47779846191406,90.7630615234375,2.395585060119629,1.3101400136947632,167.33999633789062,12.492656707763672
2021-08-18,2572.5,6.862551689147949,4.116000175476074,77.4848403930664,93.19725036621094,2.3709731101989746,1.2362600564956665,159.58999633789062,11.865873336791992
2021-08-19,2562.75,6.656278610229492,4.03849983215332,78.30966186523438,92.5618667602539,2.354564428329468,1.2214839458465576,160.3800048828125,11.09775733947754
2021-08-20,2566.5,6.664211750030518,4.134500026702881,78.53024291992188,92.20388793945312,2.2807281017303467,1.1673049926757812,160.5399932861328,11.20221996307373
2021-08-23,2620.0,6.894285202026367,4.234499931335449,80.87042236328125,97.31390380859376,2.3299527168273926,1.2165590524673462,159.39999389648438,11.005582809448242
2021-08-24,2647.5,7.068824768066406,4.255000114440918,81.46505737304688,99.60491180419922,2.362768650054932,1.2510360479354858,160.07000732421875,11.626221656799316
2021-08-25,2648.5,7.140227317810059,4.264999866485596,81.74320220947266,100.78620910644533,2.4119935035705566,1.3002899885177612,159.9199981689453,11.72454071044922
2021-08-26,2655.5,7.045023441314697,4.245999813079834,79.98806762695312,98.0745849609375,2.3709731101989746,1.2805880308151243,159.6300048828125,11.534049034118652
2021-08-27,2680.0,7.2195634841918945,4.316500186920166,81.56098175048828,99.57804870605467,2.3791768550872803,1.2067079544067385,159.67999267578125,11.945757865905762
2021-08-30,2673.0,7.2671637535095215,4.361000061035156,82.11724853515625,102.7729263305664,2.5268497467041016,1.2805880308151243,159.5800018310547,11.87201976776123
2021-08-31,2746.25,7.124359130859375,4.360000133514404,82.06928253173828,105.9051513671875,2.5760741233825684,1.2756630182266235,159.25,11.71839427947998
2021-09-01,2717.5,7.195761680603027,4.263000011444092,80.7265625,102.5939483642578,2.617094755172729,1.2953640222549438,143.0800018310547,11.72454071044922
2021-09-02,2723.25,7.325560569763184,4.289999961853027,80.19906616210938,104.02581024169922,2.6252987384796143,1.3052150011062622,140.5399932861328,11.71839427947998
2021-09-03,2753.75,7.455361366271973,4.325500011444092,79.07693481445312,102.11068725585938,2.6909313201904297,1.3495429754257202,144.8300018310547,11.72454071044922
2021-09-06,,,,,,2.748359441757202,1.3495429754257202,,
2021-09-07,2787.75,7.471586227416992,4.277500152587891,81.56098175048828,103.81104278564452,2.699135065078736,1.3593939542770386,138.99000549316406,11.497178077697754
2021-09-08,2818.5,7.406686305999756,4.23199987411499,80.54432678222656,101.64533233642578,2.756563425064087,1.285513997077942,135.55999755859375,11.048596382141112
2021-09-09,2864.25,7.406686305999756,4.2835001945495605,81.36915588378906,103.74839782714844,2.7101125717163086,1.2510360479354858,133.82000732421875,11.091611862182615
2021-09-10,2948.0,7.455361366271973,4.447999954223633,81.64727783203125,105.07288360595705,2.8695311546325684,1.3150659799575806,133.17999267578125,11.079322814941406
2021-09-13,2929.5,7.568936347961426,4.363500118255615,80.28536987304688,103.64995574951172,2.8863117694854736,1.3150659799575806,129.66000366210938,11.116190910339355
2021-09-14,2866.5,7.471586227416992,4.317999839782715,82.33783721923828,105.12657928466795,2.861140489578247,1.3446179628372192,128.11000061035156,10.956421852111816
2021-09-15,2928.25,7.6338348388671875,4.403500080108643,83.45996856689453,107.91873168945312,2.8275787830352783,1.3199909925460815,124.16000366210938,10.827380180358888
2021-09-16,2918.0,7.447248935699463,4.278500080108643,80.659423828125,102.95191192626952,2.945044994354248,1.2461110353469849,119.95999908447266,10.274333953857422
2021-09-17,2919.5,7.30933666229248,4.245500087738037,80.1319351196289,100.81304931640624,2.8443596363067627,1.191931962966919,123.0,10.022393226623535
2021-09-20,2896.5,6.9686126708984375,4.117000102996826,76.19964599609375,93.54627990722656,2.7856264114379883,1.1377530097961426,117.01000213623048,9.622970581054688
2021-09-21,2883.5,6.89560079574585,4.127999782562256,77.44647979736328,95.13922882080078,2.7604548931121826,1.108201026916504,119.01000213623048,9.758160591125488
2021-09-22,2976.0,7.12274980545044,4.252500057220459,79.14405822753906,98.54890441894533,2.8024072647094727,1.1328279972076416,120.7300033569336,10.089988708496094
2021-09-23,2987.5,7.284998416900635,4.230999946594238,80.22784423828125,100.25819396972656,2.8695311546325684,1.1623799800872805,120.4499969482422,10.062149047851562
2021-09-24,2958.0,7.293111801147461,4.287499904632568,79.69075012207031,98.29830932617188,2.8443596363067627,1.147603988647461,120.0999984741211,9.838093757629396
2021-09-27,2923.25,7.504035472869873,4.293499946594238,79.6619644165039,96.39212799072266,2.819188117980957,1.1328279972076416,120.2300033569336,9.872042655944824
2021-09-28,2974.25,7.504035472869873,4.244999885559082,77.07243347167969,92.4634246826172,2.852749824523926,1.1131269931793213,119.88999938964844,9.369613647460938
2021-09-29,2965.25,7.520262241363525,4.199999809265137,76.46821594238281,90.28875732421876,2.8443596363067627,1.0392470359802246,119.6999969482422,9.485036849975586
2021-09-30,2903.0,7.6338348388671875,4.090000152587891,78.60696411132812,92.3739242553711,2.9618256092071533,1.049096941947937,119.6500015258789,9.47145652770996
2021-10-01,2902.25,7.747410774230957,4.19350004196167,78.00274658203125,92.23968505859376,2.945044994354248,1.0195449590682983,115.76000213623048,9.641196250915527
2021-10-04,2957.25,7.877209663391113,4.246500015258789,75.47075653076172,87.97985076904297,3.0037777423858643,1.0244710445404053,117.76000213623048,9.430720329284668
2021-10-05,2966.5,8.063796997070312,4.202000141143799,77.80133819580078,90.97785949707033,3.037339687347412,1.0244710445404053,117.8499984741211,9.328875541687012
2021-10-06,2942.0,8.007009506225586,4.1570000648498535,76.7655258178711,89.94867706298828,3.020558834075928,0.9949190020561218,117.68000030517578,9.532562255859377
2021-10-07,2991.0,7.860985279083252,4.250999927520752,78.35760498046875,93.42098999023438,3.020558834075928,1.0146199464797974,118.0999984741211,9.817726135253906
2021-10-08,3011.25,7.812309741973877,4.2829999923706055,76.94775390625,91.91751861572266,3.0037777423858643,1.0244710445404053,122.86000061035156,9.892411231994627
2021-10-11,3111.5,7.998898029327393,4.374499797821045,77.45606231689453,94.32486724853516,3.06251072883606,1.0687990188598633,130.24000549316406,10.014623641967772
2021-10-12,3108.75,8.153032302856445,4.328999996185303,77.05325317382812,95.01394653320312,3.07090163230896,1.0343209505081177,126.41999816894533,9.973884582519531
2021-10-13,3038.75,8.258495330810547,4.520500183105469,80.659423828125,97.7882080078125,3.06251072883606,1.058948040008545,122.29000091552734,9.790567398071287
2021-10-14,3130.5,8.526206970214844,4.631499767303467,81.2636489868164,99.69439697265624,3.213539123535156,1.0934250354766846,122.83000183105467,9.817726135253906
2021-10-15,3171.0,8.680344581604004,4.734000205993652,82.3282470703125,101.35000610351562,3.205148696899414,1.098351001739502,123.19000244140624,10.034991264343262
2021-10-18,3202.5,8.745243072509766,4.730500221252441,84.7451400756836,102.2001724243164,3.331005334854126,1.14267897605896,123.4000015258789,9.912778854370115
2021-10-19,3138.25,8.469419479370117,4.714000225067139,85.07122802734375,103.12195587158205,3.255491256713867,1.14267897605896,123.3000030517578,9.647985458374023
2021-10-20,3108.75,8.396408081054688,4.75600004196167,85.24385833740234,104.17797088623048,3.213539123535156,1.1131269931793213,123.48999786376952,9.403562545776367
2021-10-21,2935.5,8.226046562194824,4.58650016784668,84.50537872314453,103.19354248046876,3.22192907333374,1.1180520057678225,122.88999938964844,9.057292938232422
2021-10-22,2907.75,8.217933654785156,4.526000022888184,84.25601959228516,101.4305419921875,3.1883678436279297,1.103276014328003,122.5,9.179505348205566
2021-10-25,2908.0,8.282833099365234,4.551499843597412,87.5265121459961,105.9051513671875,3.1883678436279297,1.0835750102996826,122.05999755859376,9.437507629394531
2021-10-26,2866.5,8.209820747375488,4.486499786376953,86.8167724609375,105.39505004882812,3.121244192123413,1.1623799800872805,122.47000122070312,9.362822532653809
2021-10-27,2716.5,7.966446876525879,4.38700008392334,86.4235610961914,102.97876739501952,3.129634141921997,1.1820820569992063,122.36000061035156,9.14555835723877
2021-10-28,2794.5,8.007009506225586,4.4375,87.47854614257812,103.22933959960938,3.0037777423858643,1.1328279972076416,121.94000244140624,8.962237358093262
2021-10-29,2758.5,8.071908950805664,4.375500202178955,88.1499252319336,105.75302124023438,2.995387554168701,1.2362600564956665,121.2300033569336,8.643129348754883
2021-11-01,2776.25,8.088133811950684,4.401999950408936,88.38968658447266,104.85810089111328,3.0121681690216064,1.2165590524673462,102.58000183105467,8.744972229003906
2021-11-02,2754.75,7.812309741973877,4.374000072479248,88.75414276123047,102.58499145507812,2.936653852462769,1.2116340398788452,99.4000015258789,8.357966423034668
2021-11-03,2712.5,7.901546478271484,4.326000213623047,89.07064819335938,104.07952117919922,2.9702160358428955,1.2756630182266235,99.3499984741211,8.181438446044922
2021-11-04,2616.25,7.714959621429443,4.326000213623047,90.8065948486328,105.788818359375,2.9618256092071533,1.241186022758484,97.16999816894533,8.004908561706543
2021-11-05,2595.75,7.690621852874756,4.348999977111816,89.55976867675781,106.45999908447266,2.936653852462769,1.2362600564956665,94.43000030517578,7.882695198059082
2021-11-08,2604.75,7.917772769927978,4.40500020980835,92.3698959350586,110.28133392333984,2.9786064624786377,1.2559620141983032,94.36000061035156,8.303648948669434
2021-11-09,2560.5,7.787973403930664,4.380000114440918,91.0559539794922,108.38409423828124,2.9702160358428955,1.2904390096664429,91.9800033569336,8.222174644470215
2021-11-10,2567.0,7.625722885131836,4.328000068664551,88.76373291015625,103.81999206542967,2.903093099594116,1.241186022758484,92.19000244140624,8.1339111328125
2021-11-11,2634.0,7.998898029327393,4.4045000076293945,91.93830871582033,106.40631866455078,2.91148328781128,1.285513997077942,93.62999725341795,8.588811874389648
2021-11-12,2645.25,7.982671737670898,4.45550012588501,91.88076782226562,107.2564926147461,2.9786064624786377,1.3002899885177612,93.4000015258789,8.520915985107422
2021-11-15,2607.75,7.820422649383545,4.4070000648498535,89.44468688964844,105.48454284667967,2.936653852462769,1.2756630182266235,92.36000061035156,8.371545791625977
2021-11-16,2540.5,7.8528733253479,4.358500003814697,88.74454498291016,102.62078857421876,2.8863117694854736,1.2510360479354858,92.01000213623048,8.222174644470215
2021-11-17,2598.5,8.063796997070312,4.2729997634887695,89.396728515625,103.8736801147461,2.928264141082764,1.2313350439071655,92.76000213623048,8.018486976623535
2021-11-18,2603.0,8.039459228515625,4.309999942779541,89.11859130859375,103.73944854736328,2.928264141082764,1.2510360479354858,92.01000213623048,7.651850700378418
2021-11-19,2662.75,7.990785598754883,4.4085001945495605,90.06808471679688,105.06393432617188,2.945044994354248,1.1623799800872805,92.77999877929688,7.774062156677246
2021-11-22,2657.5,8.063796997070312,4.395500183105469,91.69855499267578,107.1401596069336,3.0037777423858643,1.187006950378418,93.38999938964844,8.310439109802246
2021-11-23,2648.0,8.144920349121094,4.423500061035156,90.12564086914062,106.50475311279295,3.0037777423858643,1.1722309589385986,93.98999786376952,8.480177879333496
2021-11-24,2664.5,8.080020904541016,4.458000183105469,90.36542510986328,110.9167251586914,2.986997127532959,1.2067079544067385,94.33000183105467,8.62955093383789
2021-11-25,,,,,,3.037339687347412,1.2017829418182373,,
2021-11-26,2581.25,7.6338348388671875,4.281499862670898,88.29377746582031,107.63235473632812,2.986997127532959,1.187006950378418,94.44000244140624,8.398702621459961
2021-11-29,2596.0,7.723072052001953,4.336999893188477,90.26949310302734,111.53421783447266,2.995387554168701,1.152529001235962,94.70999908447266,8.4462308883667
2021-11-30,2591.25,7.682510852813721,4.277999877929688,89.18572998046875,109.95916748046876,2.9618256092071533,1.1722309589385986,94.97000122070312,8.398702621459961
2021-12-01,2628.5,7.706847667694092,4.247499942779541,87.60321807861328,106.85377502441406,3.079292058944702,1.1673049926757812,103.16999816894533,8.317229270935059
2021-12-02,2585.25,7.6338348388671875,4.298999786376953,88.08277893066406,107.8471450805664,3.112853527069092,1.1377530097961426,101.81999969482422,8.819655418395996
2021-12-03,2596.25,7.512147426605225,4.266499996185303,85.29183959960938,102.8624267578125,3.146414995193481,1.1131269931793213,101.48999786376952,8.643129348754883
2021-12-06,2566.75,7.666284561157227,4.336999893188477,85.03286743164062,102.72818756103516,3.1044633388519287,1.0786490440368652,103.73999786376952,9.091241836547852
2021-12-07,2601.75,7.82853364944458,4.3379998207092285,85.56037139892578,103.13089752197266,3.079292058944702,1.0885000228881836,108.04000091552734,9.247401237487791
2021-12-08,2576.25,7.917772769927978,4.390999794006348,88.18827056884766,106.24523162841795,3.1799771785736084,1.1279029846191406,106.7699966430664,9.294927597045898
2021-12-09,2579.5,7.844760894775391,4.329999923706055,85.52201843261719,103.84683990478516,3.1883678436279297,1.1574549674987793,106.48999786376952,9.165926933288574
2021-12-10,2550.75,7.877209663391113,4.2829999923706055,86.75922393798828,106.32576751708984,3.205148696899414,1.2264100313186646,105.0,9.179505348205566
2021-12-13,2601.75,7.796084880828857,4.28000020980835,84.4765853881836,103.03245544433594,3.213539123535156,1.2510360479354858,108.51000213623048,9.342456817626951
2021-12-14,2569.0,7.812309741973877,4.254000186920166,83.21060180664062,101.9227523803711,3.196758270263672,1.2116340398788452,107.04000091552734,9.274559020996094
2021-12-15,2540.0,7.771747589111328,4.179500102996826,83.7093276977539,102.36126708984376,3.196758270263672,1.1673049926757812,109.22000122070312,9.254190444946287
2021-12-16,2611.25,7.860985279083252,4.30049991607666,82.69269561767578,101.43949127197266,3.213539123535156,1.2658120393753052,111.19000244140624,9.61403751373291
2021-12-17,2653.75,7.82853364944458,4.290999889373779,82.23233795166016,101.314208984375,3.272272109985352,1.2707380056381226,111.63999938964844,9.505403518676758
2021-12-20,2602.0,7.747410774230957,4.288000106811523,77.84928894042969,97.60594940185548,3.305833578109741,1.2707380056381226,113.79000091552734,9.28813934326172
2021-12-21,2716.75,7.893433570861816,4.3379998207092285,78.89469909667969,98.79546356201172,3.3226144313812256,1.3101400136947632,113.63999938964844,9.518983840942385
2021-12-22,2803.75,8.063796997070312,4.389500141143799,80.18948364257812,100.96678924560548,3.331005334854126,1.3052150011062622,112.54000091552734,9.58687973022461
2021-12-23,2808.0,8.144920349121094,4.38700008392334,80.93755340576172,101.45771026611328,3.356176376342773,1.6056610345840454,112.54000091552734,9.44429874420166
2021-12-24,,,,,,3.364567279815674,1.6056610345840454,,
2021-12-27,2808.0,8.217933654785156,4.465000152587891,80.16069793701172,102.44895935058594,,,112.98999786376952,9.539352416992188
2021-12-28,2808.0,8.177370071411133,4.420000076293945,80.9663314819336,102.39231872558594,,,112.29000091552734,9.2338228225708
2021-12-29,2781.25,8.250383377075195,4.401999950408936,81.00470733642578,104.46924591064452,3.372957468032837,1.6598399877548218,112.33999633789062,9.186294555664062
2021-12-30,2782.5,8.193597793579102,4.384500026702881,81.58885192871094,105.62097930908205,3.389738082885742,1.773123025894165,112.23999786376952,9.559720993041992
2021-12-31,2752.5,8.177370071411133,4.454999923706055,81.127685546875,105.91364288330078,3.364567279815674,1.782973051071167,112.5,9.518983840942385
2022-01-03,2752.5,8.242270469665527,4.414500236511231,82.5592269897461,106.75385284423828,,,120.4000015258789,9.376402854919434
2022-01-04,2802.75,8.477532386779785,4.466000080108643,82.136474609375,110.41678619384766,3.414909601211548,1.9307329654693604,120.91000366210938,9.199873924255373
2022-01-05,2876.0,8.485645294189453,4.4045000076293945,78.26457214355469,105.91364288330078,3.372957468032837,1.7878990173339844,124.13999938964844,9.274559020996094
2022-01-06,2890.0,8.501870155334473,4.3480000495910645,77.89948272705078,104.7146987915039,3.331005334854126,1.7386449575424194,125.94000244140624,9.51219367980957
2022-01-07,2884.5,8.720907211303711,4.402999877929688,77.8418197631836,103.6290283203125,3.289052963256836,1.782973051071167,126.20999908447266,10.05535888671875
2022-01-10,2898.75,8.591107368469238,4.3445000648498535,76.61204528808594,102.66609191894533,3.4065191745758057,1.827301025390625,124.4800033569336,9.94672679901123
2022-01-11,2951.0,8.623558044433594,4.420499801635742,78.572021484375,106.5461654663086,3.3981287479400635,1.9996880292892456,126.75,10.34731101989746
2022-01-12,2973.75,8.931831359863281,4.564000129699707,81.73296356201172,110.41678619384766,3.431690454483032,2.0095388889312744,128.66000366210938,10.557788848876951
2022-01-13,2944.0,8.931831359863281,4.533999919891357,79.63848114013672,107.64126586914062,3.557546854019165,2.068643093109131,127.83999633789062,10.388050079345703
2022-01-14,2962.75,8.972393035888672,4.411499977111816,79.99397277832031,108.56644439697266,3.507204294204712,2.0095388889312744,126.23999786376952,10.442364692687988
2022-01-17,,,,,,3.3981287479400635,1.9405839443206787,,
2022-01-18,3001.0,9.094079971313477,4.375999927520752,79.34063720703125,105.91364288330078,3.4820332527160645,2.0489420890808105,127.4800033569336,10.530632019042969
2022-01-19,3038.25,9.21576690673828,4.462500095367432,77.2557601928711,104.40314483642578,3.4400808811187744,2.039091110229492,127.41000366210938,10.985530853271484
2022-01-20,3102.25,8.99673080444336,4.576499938964844,77.01557922363281,103.79895782470705,3.507204294204712,2.068643093109131,129.08999633789062,10.856531143188477
2022-01-21,3026.0,8.834481239318848,4.512499809265137,75.72813415527344,98.84266662597656,3.431690454483032,1.8519279956817627,129.49000549316406,10.591736793518066
2022-01-24,3015.5,8.56676959991455,4.402999877929688,75.71851348876953,97.84196472167967,3.305833578109741,1.7977490425109863,128.74000549316406,10.394840240478516
2022-01-25,3077.75,8.5586576461792,4.442999839782715,74.59442138671875,96.22763061523438,3.138025045394897,1.635213017463684,129.94000244140625,10.510261535644531
2022-01-26,3078.0,8.607332229614258,4.504499912261963,74.68089294433594,95.60454559326172,,,129.39999389648438,10.544208526611328
2022-01-27,3090.25,8.688457489013672,4.413000106811523,71.88504028320312,92.42308807373048,3.205148696899414,1.6105860471725464,129.9600067138672,10.571368217468262
2022-01-28,3128.25,8.54243278503418,4.302999973297119,71.86581420898438,91.67728424072266,3.2387099266052246,1.6943169832229614,130.80999755859375,10.578157424926758
2022-01-31,3078.25,8.412633895874023,4.317999839782715,75.19970703125,95.90664672851562,3.2303199768066406,1.6253620386123655,131.14999389648438,10.306574821472168
2022-02-01,3077.5,8.737131118774414,4.428999900817871,76.3718490600586,97.96469116210938,3.213539123535156,1.6598399877548218,138.7899932861328,10.985530853271484
2022-02-02,3029.0,8.810142517089844,4.491000175476074,75.91067504882812,98.20069885253906,3.297443389892578,1.7090929746627808,139.97999572753906,11.10095500946045
2022-02-03,3080.0,8.761467933654785,4.46649980545044,74.25814819335938,93.48043060302734,3.339395523071289,1.5761090517044067,145.9499969482422,10.965163230895996
2022-02-04,3114.25,8.858818054199219,4.483500003814697,75.32462310791016,95.74616241455078,3.448471546173096,1.6253620386123655,145.4499969482422,11.236745834350586
2022-02-07,3167.75,8.972393035888672,4.46150016784668,75.1612777709961,96.93567657470705,3.4820332527160645,1.6253620386123655,150.11000061035156,11.65770149230957
2022-02-08,3240.25,9.158980369567873,4.459499835968018,73.93148040771484,98.5783233642578,3.515594482421875,1.6253620386123655,148.8300018310547,11.834228515625
2022-02-09,3313.0,9.22387981414795,4.600500106811523,75.39186096191406,102.63777160644533,3.7085750102996826,1.465000033378601,147.63999938964844,11.888545989990234
2022-02-10,3319.0,9.150867462158203,4.65749979019165,73.79698181152344,101.96749114990234,3.691794633865357,1.4700000286102295,151.57000732421875,12.119391441345217
2022-02-11,3282.25,9.05351734161377,4.505000114440918,71.81777954101562,99.28636932373048,3.7085750102996826,1.440000057220459,150.8699951171875,11.908916473388672
2022-02-14,3272.0,9.280667304992676,4.507500171661377,71.40464782714844,96.92623138427734,3.800869941711426,1.3899999856948853,146.75999450683594,11.874967575073242
2022-02-15,3272.5,9.369903564453123,4.531499862670898,74.80579376220703,100.7779769897461,3.725355386734009,1.375,144.88999938964844,11.637331008911133
2022-02-16,3320.0,9.37801742553711,4.540500164031982,75.0748062133789,103.8744888305664,3.73374605178833,1.465000033378601,142.22999572753906,11.841017723083496
2022-02-17,3315.75,9.22387981414795,4.525000095367432,72.778564453125,99.89057159423828,3.77569842338562,1.4249999523162842,143.8800048828125,11.2706937789917
2022-02-18,3304.5,9.256329536437988,4.519499778747559,71.68328857421875,99.97553253173828,3.834430932998657,1.4249999523162842,141.11000061035156,11.2978515625
2022-02-21,,,,,,3.826041460037232,1.409999966621399,,
2022-02-22,3342.0,9.264443397521973,4.510000228881836,70.5111312866211,97.17168426513672,3.700184583663941,1.3450000286102295,143.25999450683594,11.664488792419434
2022-02-23,3345.75,9.369903564453123,4.481500148773193,70.7801513671875,97.80420684814452,3.826041460037232,1.4049999713897705,142.9600067138672,11.725597381591797
2022-02-24,3457.5,9.288779258728027,4.453999996185303,70.85701751708984,98.38951873779295,3.809260845184326,1.309999942779541,142.66000366210938,11.589803695678713
2022-02-25,3406.0,9.66195297241211,4.4720001220703125,73.3742446899414,104.1388168334961,3.8763837814331055,1.375,141.75999450683594,12.09902286529541
2022-02-28,3417.0,9.507816314697266,4.444499969482422,74.95951080322266,104.56365203857422,4.035801887512207,1.409999966621399,141.99000549316406,12.55392360687256
2022-03-01,3516.0,9.588942527770996,4.58650016784668,72.61522674560547,101.00454711914062,3.985459566116333,1.4600000381469729,143.4499969482422,12.80513858795166
2022-03-02,3615.5,9.85665225982666,4.6554999351501465,72.29817962646484,104.40314483642578,4.220392227172852,1.3849999904632568,146.07000732421875,13.219303131103516
2022-03-03,3767.75,10.383962631225586,4.771500110626221,70.77053833007812,102.58113098144533,4.295905113220215,1.3899999856948853,151.11000061035156,13.470515251159668
2022-03-04,3873.0,9.962113380432127,4.928999900817871,68.96429443359375,99.33358001708984,4.337857246398926,1.3200000524520874,152.27999877929688,13.680994987487791
2022-03-07,3745.5,10.116251945495604,4.7220001220703125,65.44786834716797,95.75559997558594,4.497276306152344,1.3350000381469729,158.82000732421875,13.986523628234863
2022-03-08,3485.5,10.06757640838623,4.700500011444092,65.19805145263672,95.24581146240234,4.203611373901367,1.2999999523162842,160.9600067138672,13.456936836242676
2022-03-09,3286.5,10.01078987121582,4.564000129699707,67.26372528076172,98.83322143554688,4.13648796081543,1.3350000381469729,157.58999633789062,13.19265842437744
2022-03-10,3361.25,10.740910530090332,4.643499851226807,67.73450469970703,98.88043212890624,4.084452152252197,1.3300000429153442,156.9499969482422,13.608455657958984
2022-03-11,3446.5,10.70034885406494,4.616000175476074,66.18765258789062,97.0300750732422,4.204836368560791,1.3700000047683716,155.36000061035156,13.439319610595703
2022-03-14,3321.5,10.01078987121582,4.512499809265137,63.46866226196289,92.2342758178711,4.179039478302002,1.3450000286102295,150.11000061035156,12.544302940368652
2022-03-15,3204.5,9.702515602111816,4.501500129699707,64.5639419555664,91.97937774658205,3.9898645877838135,1.3049999475479126,144.77000427246094,12.149651527404783
2022-03-16,3238.75,10.22982692718506,4.5879998207092285,69.47350311279297,97.71923828125,4.101649761199951,1.340000033378601,148.85000610351562,12.509066581726074
2022-03-17,3316.25,10.132475852966309,4.690499782562256,70.20368194580078,98.98426818847656,4.084452152252197,1.4049999713897705,149.64999389648438,13.17856788635254
2022-03-18,3357.25,10.319063186645508,4.730500221252441,71.49112701416016,102.75105285644533,4.144644260406494,1.4049999713897705,150.58999633789062,13.432271003723145
2022-03-21,3469.75,10.627336502075195,4.701499938964844,71.41426849365234,104.44091033935548,4.196237564086914,1.3799999952316284,150.47000122070312,14.052437782287598
2022-03-22,3460.25,10.822035789489746,4.689000129699707,72.75933837890625,108.12273406982422,4.325220108032227,1.4800000190734863,149.67999267578125,13.784639358520508
2022-03-23,3572.75,10.619224548339844,4.762499809265137,72.12523651123047,107.66014862060548,4.325220108032227,1.5800000429153442,149.57000732421875,14.045391082763672
2022-03-24,3593.5,10.684124946594238,4.729000091552734,73.49913024902344,110.42623901367188,4.368214130401611,1.534999966621399,149.6300048828125,14.108817100524902
2022-03-25,3571.5,10.862597465515137,4.685999870300293,72.53836059570312,110.2657470703125,4.385411262512207,1.5750000476837158,149.8699951171875,14.052437782287598
2022-03-28,3585.5,10.65978717803955,4.714000225067139,71.75054168701172,108.3870620727539,4.471400737762451,1.5449999570846558,150.13999938964844,14.073579788208008
2022-03-29,3431.5,10.31095027923584,4.71649980545044,73.47030639648438,110.96434020996094,4.437005043029785,1.5399999618530271,150.13999938964844,14.059488296508787
2022-03-30,3553.5,10.643562316894531,4.739500045776367,74.50794982910156,111.30421447753906,4.282225608825684,1.5449999570846558,150.61000061035156,14.11586570739746
2022-03-31,3500.0,10.586774826049805,4.743000030517578,73.96031188964844,111.66294860839844,4.316621780395508,1.625,150.83999633789062,14.087676048278809
2022-04-01,3466.5,10.846373558044434,4.682499885559082,75.15167236328125,115.1559600830078,4.56598711013794,1.7200000286102295,159.85000610351562,14.67965602874756
2022-04-04,3441.5,10.765250205993652,4.776500225067139,76.90987396240234,120.2821807861328,4.522993564605713,1.75,161.83999633789062,14.9615478515625
2022-04-05,3430.5,10.886937141418455,4.790999889373779,74.85383605957031,113.88147735595705,4.402609348297119,1.7000000476837158,161.25,14.32728385925293
2022-04-06,3405.0,10.927498817443848,4.733500003814697,72.778564453125,110.19966888427734,4.316621780395508,1.6299999952316284,160.0800018310547,14.432995796203612
2022-04-07,3352.75,10.968061447143556,4.695000171661377,72.3270034790039,109.50106048583984,4.273626804351807,1.600000023841858,157.2899932861328,14.432995796203612
2022-04-08,3340.75,11.15464973449707,4.71999979019165,71.68328857421875,108.17937469482422,4.316621780395508,1.590000033378601,154.2100067138672,14.165196418762209
2022-04-11,3209.75,10.927498817443848,4.628499984741211,68.66644287109375,103.81784057617188,4.351016044616699,1.5499999523162842,155.94000244140625,14.101774215698242
2022-04-12,3229.5,11.049185752868652,4.703999996185303,68.76251983642578,102.11853790283205,4.342418193817139,1.534999966621399,155.55999755859375,14.045391082763672
2022-04-13,3206.75,11.34123420715332,4.706999778747559,70.19408416748047,106.41399383544922,4.402609348297119,1.5499999523162842,154.6699981689453,14.03129768371582
2022-04-14,3250.5,11.162761688232422,4.7170000076293945,69.43506622314453,104.09162139892578,4.445603370666504,1.5700000524520874,155.69000244140625,13.72826099395752
2022-04-18,3250.5,11.292559623718262,4.796000003814697,69.18525695800781,102.675537109375,,,155.6199951171875,13.622549057006836
2022-04-19,3212.5,11.349347114562988,4.714000225067139,70.15564727783203,105.1772918701172,4.505795955657959,1.7949999570846558,154.5800018310547,13.213802337646484
2022-04-20,3237.5,11.02484893798828,4.649499893188477,68.38782501220703,102.732177734375,4.445603370666504,1.820000052452088,154.41000366210938,13.002385139465332
2022-04-21,3264.0,10.363191604614258,4.703499794006348,66.07237243652344,96.95455169677734,4.376813411712647,1.7999999523162842,154.27000427246094,12.438593864440918
2022-04-22,3203.0,9.900032043457031,4.582499980926514,64.62159729003906,92.79126739501952,4.161842346191406,1.7300000190734863,154.1300048828125,11.769094467163086
2022-04-25,3054.5,9.585745811462402,4.448999881744385,62.31573486328125,89.89302062988281,,,152.47000122070312,11.402630805969238
2022-04-26,3040.25,9.469955444335938,4.440000057220459,59.289310455322266,86.81539154052734,3.835085391998291,1.649999976158142,152.0800018310547,11.000930786132812
2022-04-27,3066.5,9.900032043457031,4.454500198364258,61.80653381347656,90.1007080078125,3.955469846725464,1.840000033378601,151.6199951171875,11.557673454284668
2022-04-28,2997.75,10.214319229125977,4.41349983215332,62.5271110534668,90.04405975341797,4.084452152252197,1.9850000143051147,151.19000244140625,11.980513572692873
2022-04-29,3049.75,10.139883041381836,4.394999980926514,62.89220428466797,89.96855163574219,4.101649761199951,1.975000023841858,150.77000427246094,11.902994155883787
2022-05-02,3049.75,10.10680103302002,4.255499839782715,63.08435821533203,89.36434173583984,4.101649761199951,1.919999957084656,144.0800018310547,11.550622940063477
2022-05-03,2900.0,9.916574478149414,4.270999908447266,64.06434631347656,90.85594940185548,4.101649761199951,1.8650000095367432,144.0800018310547,11.72680950164795
2022-05-04,2958.5,10.255670547485352,4.328499794006348,66.197265625,93.6409149169922,3.9898645877838135,1.840000033378601,142.89999389648438,11.698619842529297
2022-05-05,2896.5,9.88349151611328,4.284999847412109,64.41023254394531,89.65699768066406,4.101649761199951,1.875,144.89999389648438,11.282825469970703
2022-05-06,2831.0,9.941387176513672,4.261499881744385,64.31414794921875,86.67377471923828,3.981266021728516,1.825000047683716,136.91000366210938,11.078453063964844
2022-05-09,2740.75,9.321084022521973,4.192999839782715,60.5959587097168,81.82133483886719,3.981266021728516,1.7050000429153442,133.30999755859375,10.437142372131348
2022-05-10,2743.25,9.279729843139648,4.1545000076293945,61.75848388671875,82.87867736816406,3.843684911727905,1.6050000190734863,131.89999389648438,10.35962200164795
2022-05-11,2769.25,9.43687343597412,4.212500095367432,62.14280319213867,82.80314636230469,3.792091846466065,1.6200000047683716,134.25999450683594,10.740180015563965
2022-05-12,2730.75,9.072961807250977,4.105000019073486,61.66241455078125,80.93392944335938,3.75769567489624,1.5750000476837158,131.97999572753906,10.676753044128418
2022-05-13,2774.0,9.296270370483398,4.180500030517578,64.89061737060547,84.82343292236328,3.792091846466065,1.6799999475479126,132.3300018310547,10.86703109741211
2022-05-16,2808.75,9.635370254516602,4.196499824523926,64.03553009033203,86.22064208984375,3.7834935188293457,1.690000057220459,132.9600067138672,11.1630220413208
2022-05-17,2860.0,10.189507484436035,4.239500045776367,67.58077239990234,91.33741760253906,3.843684911727905,1.7599999904632568,132.61000061035156,11.353300094604492
2022-05-18,2831.25,10.00755214691162,4.182000160217285,66.35098266601562,88.86399841308594,4.0414581298828125,1.850000023841858,130.80999755859375,11.007979393005373
2022-05-19,2884.0,10.24740219116211,4.284999847412109,68.5895767211914,92.1398696899414,3.9984638690948486,1.820000052452088,131.9199981689453,11.430818557739258
2022-05-20,2927.25,10.272215843200684,4.281000137329102,68.59920501708984,91.96050262451172,4.058655738830566,1.850000023841858,133.66000366210938,11.783187866210938
2022-05-23,2933.25,10.67747974395752,4.347499847412109,69.55996704101562,94.75491333007812,4.01566219329834,1.820000052452088,133.99000549316406,12.128507614135742
2022-05-24,2874.5,10.925600051879885,4.325500011444092,68.07076263427734,92.81015014648438,4.0242600440979,1.825000047683716,133.30999755859375,12.283552169799805
2022-05-25,2848.5,10.875975608825684,4.276999950408936,67.48470306396484,92.0265884399414,4.0242600440979,1.7899999618530271,133.27000427246094,12.325835227966309
2022-05-26,2833.25,10.826351165771484,4.255000114440918,69.73291778564453,95.09476470947266,3.9984638690948486,1.7899999618530271,132.97999572753906,12.417451858520508
2022-05-27,2850.0,11.01657772064209,4.303999900817871,71.43347930908203,97.79476165771484,4.050057411193848,1.784999966621399,133.1699981689453,12.748677253723145
2022-05-30,,,,,,4.196237564086914,1.8450000286102293,,
2022-05-31,2763.5,10.89251708984375,4.295000076293945,70.72250366210938,96.17098999023438,4.299424171447754,1.840000033378601,133.50999450683594,12.720487594604492
2022-06-01,2692.25,10.793269157409668,4.329999923706055,69.09880065917969,89.60035705566406,4.265028476715088,1.6399999856948853,136.9499969482422,12.924861907958984
2022-06-02,2692.0,11.181992530822754,4.553999900817871,72.13484191894531,94.18846893310548,4.282225608825684,1.600000023841858,142.35000610351562,13.256086349487305
2022-06-03,2692.0,10.983494758605955,4.477499961853027,71.42385864257812,93.8580551147461,4.368214130401611,1.6549999713897705,144.02000427246094,13.06580924987793
2022-06-06,2747.5,11.206805229187012,4.439499855041504,73.27815246582031,95.63287353515624,4.333818912506104,1.5850000381469729,144.80999755859375,13.06580924987793
2022-06-07,2742.5,11.355676651000977,4.439499855041504,72.90345764160156,96.8507080078125,4.376813411712647,1.5299999713897705,145.8800048828125,13.143330574035645
2022-06-08,2786.75,11.049660682678224,4.458499908447266,72.31739044189453,94.6416244506836,4.445603370666504,1.534999966621399,145.33999633789062,12.607728004455566
2022-06-09,2727.75,10.917328834533691,4.388999938964844,69.53113555908203,90.02519226074219,4.308022975921631,1.3799999952316284,143.6300048828125,12.04394245147705
2022-06-10,2638.75,10.3549222946167,4.301000118255615,69.68486785888672,88.29755401611328,4.12744665145874,1.3600000143051147,141.50999450683594,11.88185214996338
2022-06-13,2601.0,9.643640518188477,4.21649980545044,67.73450469970703,84.86119842529297,,,140.33999633789062,11.19825839996338
2022-06-14,2531.25,9.527851104736328,4.161499977111816,68.8201675415039,84.57797241210938,3.860882043838501,1.2450000047683716,140.08999633789062,11.155973434448242
2022-06-15,2562.25,9.88349151611328,4.167500019073486,69.08920288085938,85.89022064208984,3.723299980163574,1.1699999570846558,137.1699981689453,11.45901107788086
2022-06-16,2474.25,9.43687343597412,4.111999988555908,66.9562759399414,82.94477081298828,3.800690650939941,1.225000023841858,137.85000610351562,10.937504768371582
2022-06-17,2461.0,9.337624549865724,4.017499923706055,69.51193237304688,85.30490112304688,3.577120065689087,1.215000033378601,135.69000244140625,10.521711349487305
2022-06-20,,,,,,3.4911320209503174,1.1299999952316284,,
2022-06-21,2490.0,9.751160621643066,4.043000221252441,70.97230529785156,83.3223876953125,3.577120065689087,1.1549999713897705,133.47000122070312,10.3737154006958
2022-06-22,2434.75,9.13085651397705,3.951499938964844,69.84819793701172,79.85769653320312,3.516928434371948,1.159999966621399,127.91999816894533,10.204578399658203
2022-06-23,2436.0,8.899277687072754,3.758500099182129,70.80896759033203,78.12063598632812,3.4825329780578613,1.1549999713897705,131.4499969482422,9.80992603302002
2022-06-24,2411.5,9.056421279907228,3.759999990463257,72.82660675048828,83.07693481445312,3.4309399127960205,1.2400000095367432,129.7100067138672,10.007253646850586
2022-06-27,2460.75,9.13912868499756,3.7790000438690186,73.28775787353516,85.66364288330078,3.4739339351654053,1.2799999713897705,130.92999267578125,10.48647403717041
2022-06-28,2440.5,9.188751220703123,3.783999919891357,72.36541748046875,84.8139877319336,3.6029164791107178,1.315000057220459,131.00999450683594,10.585137367248535
2022-06-29,2422.75,9.22183322906494,3.7790000438690186,69.79036712646484,82.09510803222656,3.4997308254241943,1.2649999856948853,130.4600067138672,10.704941749572754
2022-06-30,2401.5,8.940630912780762,3.714499950408936,69.82882690429688,81.94406127929688,3.3879456520080566,1.2350000143051147,130.0,10.310290336608888
2022-07-01,2389.25,8.52709674835205,3.61899995803833,68.99226379394531,81.94406127929688,3.32775354385376,1.2549999952316284,114.4499969482422,9.972016334533691
2022-07-04,,,,,,3.344951629638672,1.2450000047683716,,
2022-07-05,2342.0,7.989500522613525,3.424999952316284,69.29034423828125,78.6681900024414,3.310555934906006,1.2450000047683716,113.61000061035156,9.718310356140137
2022-07-06,2354.75,8.154913902282715,3.4179999828338623,69.1364974975586,77.66748046875,3.0353927612304688,1.2400000095367432,112.37999725341795,9.718310356140137
2022-07-07,2386.75,8.618073463439941,3.5820000171661377,72.23272705078125,80.14091491699219,3.1815733909606934,1.2400000095367432,115.13999938964844,10.211627960205078
2022-07-08,2383.75,8.51882553100586,3.532000064849853,71.93464660644531,80.79231262207031,3.207369804382324,1.274999976158142,113.73999786376952,10.04249095916748
2022-07-11,2341.25,8.336868286132812,3.4375,68.24224090576172,76.40245056152344,3.121381521224976,1.2350000143051147,109.97000122070312,9.513937950134276
2022-07-12,2321.75,8.196268081665039,3.296499967575073,66.34796905517578,73.69300842285156,3.052590847015381,1.1950000524520874,109.68000030517578,9.429369926452637
2022-07-13,2330.75,8.196268081665039,3.325500011444092,67.37682342529297,75.64720916748047,3.009596109390259,1.2000000476837158,111.0500030517578,9.485748291015623
2022-07-14,2367.0,7.873711109161377,3.2105000019073486,68.44416809082031,75.760498046875,3.043991804122925,1.190000057220459,106.01000213623048,8.802153587341309
2022-07-15,2380.0,7.956417560577393,3.234499931335449,68.3768539428711,76.14756774902344,2.932206869125366,1.1399999856948853,104.3000030517578,8.914912223815918
2022-07-18,2461.5,8.204538345336914,3.3480000495910645,68.72301483154297,77.68637084960938,2.992398738861084,1.2000000476837158,106.69000244140624,8.950148582458496
2022-07-19,2397.5,8.312058448791504,3.2915000915527344,69.24225616455078,79.6216812133789,2.9236080646514893,1.2599999904632568,104.76000213623048,8.950148582458496
2022-07-20,2435.25,8.41130542755127,3.3294999599456787,69.32879638671875,80.57518005371094,3.018195390701294,1.309999942779541,104.51000213623048,8.759871482849121
2022-07-21,2427.5,8.34514045715332,3.302000045776367,70.46345520019531,82.66154479980469,3.0697884559631348,1.315000057220459,105.2699966430664,8.816247940063477
2022-07-22,2483.0,8.212809562683105,3.3485000133514404,69.54997253417969,80.72623443603516,3.0353927612304688,1.3300000429153442,105.38999938964844,8.872629165649414
2022-07-25,2426.25,8.60980224609375,3.3510000705718994,70.08844757080078,82.71819305419922,3.0611894130706787,1.2799999713897705,105.41999816894533,9.26728057861328
2022-07-26,2435.5,8.66769790649414,3.382499933242798,69.33842468261719,81.74581146240234,3.1557772159576416,1.2699999809265137,106.01000213623048,9.26023292541504
2022-07-27,2427.5,9.089503288269045,3.429500102996826,71.24231719970703,85.40875244140625,3.1643760204315186,1.2899999618530271,106.23999786376952,9.49984359741211
2022-07-28,2457.0,9.056421279907228,3.4749999046325684,71.47309112548828,86.30560302734375,3.250364065170288,1.4550000429153442,106.88999938964844,9.62669563293457
2022-07-29,2463.5,9.304543495178224,3.5840001106262207,71.5307846069336,87.32518768310547,3.276160717010498,1.4700000286102295,107.22000122070312,9.485748291015623
2022-08-01,2407.25,9.263188362121582,3.552000045776367,72.56928253173828,87.86329650878906,3.319154977798462,1.399999976158142,114.3499984741211,9.26023292541504
2022-08-02,2386.5,8.973713874816895,3.524499893188477,72.4346694946289,85.5975570678711,3.21596908569336,1.3849999904632568,113.36000061035156,9.429369926452637
2022-08-03,2349.5,8.981983184814453,3.469500064849853,72.01158142089844,87.0986099243164,3.2417654991149902,1.434999942779541,110.11000061035156,9.020622253417969
2022-08-04,2372.75,9.205294609069824,3.4830000400543213,72.30965423583984,87.81608581542969,3.21596908569336,1.4299999475479126,107.02999877929688,9.062907218933104
2022-08-05,2396.75,9.337624549865724,3.552999973297119,73.01161193847656,89.79861450195312,3.293358564376831,1.465000033378601,109.1999969482422,9.30251693725586
2022-08-08,2427.5,9.246647834777832,3.587500095367432,73.99239349365234,93.4426727294922,3.3707480430603027,1.559999942779541,110.37999725341795,9.415275573730469
2022-08-09,2470.75,9.254918098449709,3.5924999713897705,74.02124786376953,93.92412567138672,3.353550672531128,1.590000033378601,109.8499984741211,9.598506927490234
2022-08-10,2472.75,9.453415870666504,3.6554999351501465,75.77130889892578,97.58706665039062,3.336352825164795,1.565000057220459,109.62999725341795,9.69717025756836
2022-08-11,2505.25,9.536121368408203,3.7105000019073486,76.21360778808594,98.4650421142578,3.4739339351654053,1.6100000143051147,110.41000366210938,9.873353004455566
2022-08-12,2421.75,9.56093406677246,3.6760001182556152,77.72327423095703,99.76783752441406,3.4825329780578613,1.565000057220459,109.70999908447266,10.078632354736328
2022-08-15,2377.0,9.312813758850098,3.628999948501587,78.64636993408203,99.55070495605467,3.508329629898072,1.5950000286102295,107.5999984741211,9.937826156616213
2022-08-16,2381.0,9.709806442260742,3.6364998817443848,77.79057312011719,97.2094497680664,3.508329629898072,1.590000033378601,107.37000274658205,10.06380844116211
2022-08-17,2397.75,9.635370254516602,3.5980000495910645,77.22325134277344,94.06574249267578,3.551323890686035,1.5800000429153442,105.51000213623048,9.78961181640625
2022-08-18,2393.5,9.800786018371582,3.6465001106262207,76.5790023803711,94.7832260131836,3.542725086212158,1.5399999618530271,106.0500030517578,9.708094596862791
2022-08-19,2371.75,9.50303840637207,3.683500051498413,73.70392608642578,90.78043365478516,3.6029164791107178,1.5299999713897705,105.63999938964844,9.54505729675293
2022-08-22,2377.25,9.577475547790527,3.670500040054321,74.80972290039062,91.12028503417967,3.59431791305542,1.524999976158142,105.5199966430664,9.463539123535156
2022-08-23,2412.5,9.891761779785156,3.704499959945679,76.26167297363281,94.72657775878906,3.542725086212158,1.5199999809265137,105.56999969482422,10.197203636169434
2022-08-24,2420.25,9.693264961242676,3.660500049591065,75.3770523071289,95.4251937866211,3.637312650680542,1.5800000429153442,105.5500030517578,9.863719940185549
2022-08-25,2422.5,9.924844741821287,3.7105000019073486,75.70397186279297,96.08602142333984,3.671708106994629,1.6150000095367432,105.3499984741211,10.03416633605957
2022-08-26,2484.0,9.635370254516602,3.7114999294281006,73.9058609008789,93.53707885742188,3.637312650680542,1.715000033378601,105.48999786376952,9.967469215393066
2022-08-29,2481.25,9.618828773498535,3.626499891281128,73.33853149414062,92.69686889648438,3.516928434371948,1.715000033378601,105.27999877929688,9.819254875183104
2022-08-30,2373.5,9.271459579467772,3.5450000762939453,71.77117919921875,90.0912628173828,3.568521738052368,1.7899999618530271,104.91999816894533,9.35978889465332
2022-08-31,2341.75,9.023338317871094,3.5185000896453857,70.93462371826172,90.82762908935548,3.568521738052368,1.8650000095367432,104.76000213623048,9.204161643981934
2022-09-01,2277.25,8.824357986450195,3.414499998092652,69.50189208984375,87.18357849121094,3.4911320209503174,1.7699999809265137,96.29000091552734,9.004071235656738
2022-09-02,2276.5,8.902219772338867,3.421499967575073,68.96342468261719,87.29686737060547,3.439538955688477,1.6399999856948853,95.5500030517578,9.01889419555664
2022-09-05,,,,,,3.568521738052368,1.6399999856948853,,
2022-09-06,2248.0,9.56837272644043,3.469000101089477,69.28073120117188,89.43042755126953,3.559922933578491,1.684999942779541,97.44000244140624,8.996662139892578
2022-09-07,2221.0,9.326135635375977,3.437999963760376,71.63655853271484,91.8472137451172,3.4825329780578613,1.659999966621399,97.19000244140624,9.093002319335938
2022-09-08,2240.25,9.334786415100098,3.5360000133514404,72.18465423583984,93.88636779785156,3.5341265201568604,1.715000033378601,98.37000274658205,9.14487648010254
2022-09-09,2275.75,9.845213890075684,3.5810000896453857,74.07893371582031,97.72867584228516,3.654510259628296,1.7899999618530271,100.20999908447266,10.011935234069824
2022-09-12,2272.5,10.070149421691896,3.625499963760376,74.12699890136719,97.48323059082033,3.654510259628296,1.8799999952316284,101.41000366210938,10.212024688720703
2022-09-13,2299.5,9.741399765014648,3.5810000896453857,72.71351623535156,93.78252410888672,3.7061028480529785,1.909999966621399,101.43000030517578,9.745146751403809
2022-09-14,2259.25,9.819260597229004,3.5455000400543213,73.67508697509766,94.11294555664062,3.7147021293640137,1.825000047683716,100.43000030517578,9.574700355529783
2022-09-15,2290.75,9.897122383117676,3.5234999656677246,70.90575408935547,89.80804443359375,3.651988506317138,1.875,100.38999938964844,9.671039581298828
2022-09-16,2264.25,9.637582778930664,3.561000108718872,69.96343231201172,88.27867889404297,3.542428731918335,1.875,99.26000213623048,9.619163513183594
2022-09-19,2235.5,9.77600383758545,3.557499885559082,71.47309112548828,90.4594497680664,3.5698187351226807,1.774999976158142,98.98999786376952,10.078632354736328
2022-09-20,2228.25,9.447253227233888,3.5480000972747803,70.9153823852539,89.19441223144531,3.670248031616211,1.909999966621399,98.8000030517578,9.930416107177734
2022-09-21,2179.75,9.360739707946776,3.51200008392334,70.10767364501953,88.81678771972656,3.560688734054565,1.909999966621399,98.6500015258789,9.730326652526855
2022-09-22,2207.75,9.542418479919434,3.498500108718872,68.90572357177734,86.85315704345703,,,98.83000183105467,10.1082763671875
2022-09-23,2157.5,8.67728328704834,3.371500015258789,66.47296142578125,81.04721069335938,3.5241682529449463,1.909999966621399,98.88999938964844,9.663629531860352
2022-09-26,2126.25,8.391791343688965,3.313499927520752,65.87678527832031,79.72552490234375,3.277659177780152,1.559999942779541,99.01000213623048,9.330143928527832
2022-09-27,2098.75,8.703239440917969,3.322999954223633,66.31910705566406,80.62238311767578,3.37808895111084,1.5700000524520874,98.70999908447266,9.300501823425291
2022-09-28,2114.25,9.066595077514648,3.381999969482422,66.58834075927734,81.94406127929688,3.341569185256958,1.5149999856948853,98.5199966430664,9.463539123535156
2022-09-29,2192.75,9.326135635375977,3.440000057220459,64.87676239013672,79.319580078125,3.341569185256958,1.6100000143051147,98.41999816894533,9.382020950317385
2022-09-30,2157.25,9.066595077514648,3.441999912261963,63.54979705810547,78.6681900024414,3.3141791820526123,1.6399999856948853,98.30999755859376,9.871129989624023
2022-10-03,2213.0,9.51646327972412,3.4579999446868896,64.2709732055664,80.63182830810547,3.2502694129943848,1.5800000429153442,94.22000122070312,10.560330390930176
2022-10-04,2347.25,9.827911376953123,3.5179998874664307,67.25181579589844,85.21050262451172,3.423738718032837,1.7000000476837158,95.20999908447266,10.849350929260254
2022-10-05,2359.25,9.827911376953123,3.532500028610229,66.31910705566406,83.4356689453125,3.551558494567871,1.6950000524520874,95.26000213623048,10.96792221069336
2022-10-06,2355.0,9.473207473754885,3.4749999046325684,66.5018081665039,82.0667953491211,3.560688734054565,1.7300000190734863,95.45999908447266,10.753009796142578
2022-10-07,2295.75,9.42129898071289,3.4124999046325684,64.74214935302734,79.21574401855469,3.505908489227295,1.7899999618530271,95.62000274658205,10.68631362915039
2022-10-10,2258.0,9.386693000793455,3.4535000324249268,63.30941009521485,78.18671417236328,3.4511287212371826,1.7549999952316284,97.3499984741211,10.44175910949707
2022-10-11,2245.25,9.153109550476074,3.477999925613404,63.79981231689453,77.9507064819336,3.3506994247436523,1.774999976158142,96.97000122070312,10.263901710510254
2022-10-12,2312.25,9.256922721862791,3.444499969482422,63.00170516967773,77.55419921875,3.37808895111084,1.7450000047683716,96.12999725341795,10.123095512390137
2022-10-13,2388.0,9.602977752685549,3.4674999713897705,63.79981231689453,78.55490112304688,3.423738718032837,1.690000057220459,95.4000015258789,10.13050651550293
2022-10-14,2337.75,9.26557445526123,3.450500011444092,61.67475128173828,75.62833404541016,3.505908489227295,1.7200000286102295,95.93000030517578,9.685860633850098
2022-10-17,2259.75,9.525115966796877,3.4554998874664307,63.72288131713867,78.82867431640625,3.4328689575195312,1.6749999523162842,94.93000030517578,9.841485977172852
2022-10-18,2204.5,9.412649154663086,3.406500101089477,63.972900390625,79.13078308105469,3.51503849029541,1.7599999904632568,95.20999908447266,10.1082763671875
2022-10-19,2187.0,9.135805130004885,3.3605000972747803,64.09789276123047,79.80105590820312,3.4419989585876465,1.8799999952316284,94.86000061035156,9.967469215393066
2022-10-20,2228.25,9.34343719482422,3.450999975204468,63.42479705810547,79.05525207519531,3.3506994247436523,2.0799999237060547,94.76000213623048,10.182381629943848
2022-10-21,2223.5,9.827911376953123,3.5230000019073486,65.4537124633789,83.3507080078125,3.396348714828491,2.200000047683716,94.86000061035156,10.619616508483888
2022-10-24,2192.75,9.706793785095217,3.4795000553131104,64.222900390625,80.96224975585938,3.3324391841888428,2.430000066757202,94.51000213623048,10.004523277282717
2022-10-25,2228.5,9.94037914276123,3.450500011444092,65.63639831542969,83.91714477539062,3.2867894172668457,2.369999885559082,94.61000061035156,10.041577339172363
2022-10-26,2352.5,10.2172212600708,3.629499912261963,66.54988861083984,84.99336242675781,3.323309421539306,2.3499999046325684,93.55999755859376,10.182381629943848
2022-10-27,2307.25,9.957681655883787,3.625499963760376,65.58832550048828,83.36958312988281,3.423738718032837,2.359999895095825,92.80999755859376,9.908184051513672
2022-10-28,2210.75,10.01824188232422,3.4660000801086426,64.40559387207031,80.73566436767578,3.2867894172668457,2.3499999046325684,93.01000213623048,9.367199897766112
2022-10-31,2229.0,9.905773162841797,3.4135000705718994,64.25173950195312,80.68846893310547,3.2867894172668457,2.390000104904175,92.43000030517578,9.589521408081056
2022-11-01,2259.5,10.346991539001465,3.509500026702881,65.7037124633789,83.78498077392578,3.396348714828491,2.509999990463257,80.02999877929688,9.95265007019043
2022-11-02,2266.5,9.974984169006348,3.505500078201294,64.4248275756836,81.3870620727539,3.469388961791992,2.4200000762939453,82.0999984741211,9.463539123535156
2022-11-03,2282.25,9.974984169006348,3.4565000534057617,65.19407653808594,81.58531951904297,3.359829425811768,2.450000047683716,83.37000274658203,9.71550464630127
2022-11-04,2380.25,10.520017623901367,3.714499950408936,68.46339416503906,88.58077239990234,3.4785187244415283,2.549999952316284,85.16000366210938,10.664082527160645
2022-11-07,2354.5,10.502716064453123,3.629499912261963,68.17493438720703,87.75000762939453,3.606338262557984,2.509999990463257,87.13999938964844,10.300954818725586
2022-11-08,2391.25,10.398900985717772,3.705499887466431,69.59803771972656,90.1479034423828,3.560688734054565,2.5799999237060547,85.33000183105469,10.68631362915039
2022-11-09,2329.75,9.923076629638672,3.741499900817871,66.83834838867188,86.37168884277344,3.578948497772217,2.6700000762939453,87.51000213623047,10.426937103271484
2022-11-10,2351.5,10.156661987304688,3.796000003814697,70.12692260742188,92.16818237304688,3.533298254013061,2.569999933242798,88.19000244140625,10.263901710510254
2022-11-11,2475.0,10.30373477935791,3.950999975204468,71.80964660644531,93.35770416259766,3.73415780067444,2.630000114440918,90.79000091552734,11.449621200561523
2022-11-14,2460.75,10.312386512756348,3.8550000190734863,69.94419860839844,92.39476013183594,3.9532761573791504,2.549999952316284,92.08999633789062,11.642300605773926
2022-11-15,2437.0,10.580577850341797,3.839499950408936,69.09803771972656,89.47763061523438,3.907627820968628,2.549999952316284,92.29000091552734,11.71640968322754
2022-11-16,2412.5,10.554624557495115,3.788000106811523,67.3672103881836,87.43846893310547,3.8528473377227774,2.539999961853028,92.33999633789062,11.2791748046875
2022-11-17,2393.0,10.528669357299805,3.689500093460083,65.85755157470703,85.5314712524414,3.651988506317138,2.490000009536743,93.08999633789062,11.360692024230955
2022-11-18,2428.0,10.381597518920898,3.631999969482422,65.0690689086914,84.91783905029297,3.5698187351226807,2.369999885559082,92.88999938964844,11.168012619018556
2022-11-21,2379.5,10.25182819366455,3.571500062942505,64.69405364990234,85.06888580322266,3.51503849029541,2.3399999141693115,91.54000091552734,11.145781517028809
2022-11-22,2428.75,10.623833656311035,3.614500045776367,64.4248275756836,86.64546203613281,3.588078260421753,2.3499999046325684,91.4499969482422,11.03462028503418
2022-11-23,2392.0,11.0910062789917,3.617500066757202,65.569091796875,87.78777313232422,3.661118268966675,2.450000047683716,91.94000244140624,11.205066680908203
2022-11-24,,,,,,3.651988506317138,2.400000095367432,,
2022-11-25,2367.25,11.082354545593262,3.626499891281128,63.59786605834961,84.32308197021484,3.670248031616211,2.289999961853028,92.73999786376952,11.205066680908203
2022-11-28,2362.0,11.0910062789917,3.61050009727478,62.472843170166016,82.35001373291016,3.606338262557984,2.2699999809265137,93.04000091552734,11.242120742797852
2022-11-29,2365.25,11.411104202270508,3.630000114440918,63.54019165039063,83.73776245117188,3.715898036956787,2.359999895095825,92.9000015258789,11.923910140991213
2022-11-30,2460.5,11.679298400878906,3.7295000553131104,66.7806396484375,89.27938079833984,3.670248031616211,2.5899999141693115,93.25,12.227750778198242
2022-12-01,2472.25,11.748507499694824,3.813999891281128,66.59796142578125,88.42029571533203,3.916757583618164,2.490000009536743,103.0999984741211,12.331501960754396
2022-12-02,2535.0,11.860974311828612,3.848000049591065,67.58837127685547,90.79930877685548,3.8254570960998535,2.5199999809265137,107.44000244140624,12.390787124633787
2022-12-05,2509.0,11.687948226928713,3.7894999980926514,64.41521453857422,86.3150405883789,3.962407112121582,2.509999990463257,107.68000030517578,12.198107719421388
2022-12-06,2503.5,11.679298400878906,3.811500072479248,64.3863525390625,86.44721221923828,3.9258880615234375,2.490000009536743,108.48999786376952,12.42043113708496
2022-12-07,2484.25,11.393802642822266,3.8554999828338623,65.29023742675781,87.43846893310547,3.9532761573791504,2.5199999809265137,107.08999633789062,11.983196258544922
2022-12-08,2496.5,11.558178901672363,3.880500078201294,65.20369720458984,86.18287658691406,3.752418041229248,2.5299999713897705,109.48999786376952,12.175875663757324
2022-12-09,2465.25,11.376500129699709,3.875999927520752,64.13634490966797,84.92727661132812,3.8254570960998535,2.569999933242798,110.4800033569336,12.553824424743652
2022-12-12,2409.25,11.350545883178713,3.798500061035156,63.85750579833984,84.19091796875,3.7432878017425537,2.539999961853028,109.47000122070312,12.027661323547363
2022-12-13,2458.25,11.540874481201172,3.839499950408936,63.59786605834961,85.16329193115234,3.706768035888672,2.4800000190734863,109.2300033569336,12.032121658325195
2022-12-14,2431.0,11.636040687561035,3.875,62.95363998413086,83.96434020996094,3.843717813491821,2.430000066757202,109.26000213623048,12.203160285949709
2022-12-15,2383.0,11.203473091125488,3.763000011444092,61.78052520751953,79.81050109863281,3.8254570960998535,2.289999961853028,110.5,12.195724487304688
2022-12-16,2388.5,11.168869018554688,3.7614998817443848,61.29012680053711,77.9412612915039,3.7432878017425537,2.289999961853028,110.2699966430664,11.950321197509766
2022-12-19,2364.25,11.22077751159668,3.7829999923706055,60.42471694946289,76.95182800292969,3.77067756652832,2.289999961853028,109.55999755859376,11.97263240814209
2022-12-20,2377.0,11.52357292175293,3.797499895095825,60.16509628295898,76.099365234375,3.679378509521485,2.1600000858306885,109.86000061035156,12.225469589233398
2022-12-21,2402.0,11.696599006652832,3.805999994277954,59.79008483886719,76.70279693603516,3.7432878017425537,2.2799999713897705,110.73999786376952,12.33701515197754
2022-12-22,2421.5,11.575480461120604,3.751499891281128,57.7419548034668,73.64732360839844,3.7432878017425537,2.2799999713897705,110.43000030517578,12.299835205078123
2022-12-23,2413.5,11.627388954162598,3.802999973297119,57.37655258178711,74.47106170654297,3.715898036956787,2.3299999237060547,110.4800033569336,12.41137981414795
2022-12-27,2411.25,11.809066772460938,3.8334999084472656,57.22270202636719,74.40400695800781,,,110.63999938964844,12.5526704788208
2022-12-28,2396.0,11.601434707641602,3.8320000171661377,56.00151824951172,71.8370361328125,3.752418041229248,2.0799999237060547,110.8000030517578,12.582417488098145
2022-12-29,2426.5,11.584132194519045,3.821000099182129,57.34715270996094,72.90979766845703,3.642858028411865,2.039999961853028,110.9800033569336,12.5526704788208
2022-12-30,2410.25,11.52357292175293,3.805500030517578,56.862064361572266,72.94811248779297,3.651988506317138,2.059999942779541,111.27999877929688,12.619599342346191
2023-01-03,2325.25,11.246728897094728,3.766000032424927,56.212039947509766,71.54010772705078,3.597208023071289,2.009999990463257,117.79000091552734,12.15854263305664
2023-01-04,2270.0,10.537321090698242,3.739500045776367,56.93967819213867,74.08792877197266,3.715898036956787,1.975000023841858,115.3499984741211,12.307269096374512
2023-01-05,2262.75,10.580577850341797,3.818000078201294,56.803855895996094,74.6626205444336,3.715898036956787,2.039999961853028,114.97000122070312,12.708837509155272
2023-01-06,2285.25,11.03044605255127,3.908499956130981,58.80242156982422,79.10693359375,3.880237340927124,2.0299999713897705,116.56999969482422,13.13271427154541
2023-01-09,2443.25,11.289986610412598,4.018499851226807,59.59796905517578,79.94024658203125,4.026317119598389,2.0199999809265137,117.41000366210938,13.028602600097656
2023-01-10,2465.0,11.333243370056152,4.066999912261963,60.08305740356445,80.24675750732422,4.062836647033691,2.0999999046325684,119.66000366210938,13.355804443359377
2023-01-11,2506.25,11.28133487701416,4.1545000076293945,61.51891326904297,82.54553985595703,4.108486652374268,2.200000047683716,121.0199966430664,13.311185836791992
2023-01-12,2551.0,11.488966941833496,4.185999870300293,63.0421028137207,84.72938537597656,4.154136657714844,2.190000057220459,121.26000213623048,13.668132781982422
2023-01-13,2602.0,11.83502197265625,4.207499980926514,62.5181999206543,83.92481994628906,4.19978666305542,2.2300000190734863,122.33000183105467,13.705318450927734
2023-01-16,,,,,,4.291086196899414,2.289999961853028,,
2023-01-17,2628.25,11.610085487365724,4.215000152587891,62.36296463012695,83.35969543457031,4.163266181945801,2.2699999809265137,120.9499969482422,13.38555145263672
2023-01-18,2643.75,12.094560623168944,4.228499889373779,62.24655532836914,82.78499603271484,4.117617130279541,2.259999990463257,121.19000244140624,13.42273235321045
2023-01-19,2589.75,12.172422409057615,4.226500034332275,61.89727783203125,83.2064437866211,4.163266181945801,2.2300000190734863,121.79000091552734,13.437603950500488
2023-01-20,2608.75,12.38005542755127,4.248499870300293,63.85704803466797,85.92666625976562,4.172396183013916,2.259999990463257,122.16000366210938,13.474788665771484
2023-01-23,2650.5,12.354100227355955,4.254000186920166,65.58395385742188,88.9246597290039,4.227175712585449,2.289999961853028,121.94000244140624,13.482222557067873
2023-01-24,2665.0,12.042654037475586,4.245500087738037,66.16606903076172,89.73882293701172,4.409775257110596,2.4200000762939453,121.97000122070312,13.772244453430176
2023-01-25,2670.75,11.97344207763672,4.239999771118164,67.1168441772461,90.98399353027344,4.3458662033081055,2.369999885559082,121.93000030517578,14.062264442443848
2023-01-26,2656.5,11.791763305664062,4.267000198364258,68.68852233886719,92.26748657226562,,,122.48999786376952,14.35228443145752
2023-01-27,2638.75,11.713902473449709,4.223999977111816,69.56168365478516,91.85562133789062,4.300216197967529,2.390000104904175,122.6999969482422,13.87635326385498
2023-01-30,2595.0,11.696599006652832,4.203499794006348,68.18403625488281,90.70622253417967,4.263696670532227,2.3299999237060547,123.08000183105467,13.764808654785156
2023-01-31,2639.0,11.53222370147705,4.228499889373779,68.61091613769531,91.24261474609376,4.145007133483887,2.200000047683716,123.37000274658205,13.891227722167969
2023-02-01,2608.5,11.696599006652832,4.111000061035156,70.1825942993164,93.36898803710938,4.227175712585449,2.0999999046325684,126.33000183105467,13.720191955566406
2023-02-02,2605.5,11.463014602661133,4.093999862670898,70.01766204833984,92.9666976928711,4.309345722198486,2.130000114440918,123.9499969482422,13.13271427154541
2023-02-03,2550.0,11.488966941833496,4.063000202178955,68.28104400634766,89.65261840820312,4.272825717926025,2.0199999809265137,125.26000213623048,12.879873275756836
2023-02-06,2515.75,11.350545883178713,4.043499946594238,67.05862426757812,87.25804138183594,4.208916664123535,2.0,124.33999633789062,12.612162590026855
2023-02-07,2518.5,11.480317115783691,4.088500022888184,67.39818572998047,88.7618408203125,4.2363057136535645,1.9850000143051147,122.75,12.604728698730469
2023-02-08,2468.25,11.393802642822266,4.043499946594238,67.29145812988281,88.16798400878906,4.327606201171875,1.995000004768372,123.20999908447266,12.604728698730469
2023-02-09,2487.5,10.935282707214355,4.105500221252441,67.37876892089844,86.63545989990234,4.281956672668457,1.8849999904632568,124.6500015258789,12.463435173034668
2023-02-10,2429.0,10.684393882751465,4.027500152587891,66.08845520019531,85.11251831054688,4.181526184082031,1.850000023841858,125.13999938964844,12.314705848693848
2023-02-13,2389.0,10.831466674804688,4.086999893188477,66.79667663574219,86.06076049804688,4.181526184082031,1.8899999856948853,123.76000213623048,12.433688163757324
2023-02-14,2381.0,10.917980194091797,4.110000133514404,66.79667663574219,86.34811401367188,4.2363057136535645,1.934999942779541,124.1999969482422,12.470871925354004
2023-02-15,2354.75,10.64113712310791,4.052000045776367,66.99071502685547,85.8787841796875,4.218046188354492,1.899999976158142,124.33999633789062,12.679089546203612
2023-02-16,2362.5,10.537321090698242,4.165500164031982,66.5638427734375,84.49951171875,4.254566192626953,1.8899999856948853,124.69000244140624,12.708837509155272
2023-02-17,2343.75,10.61518383026123,4.113999843597412,63.92495346069336,81.87506103515625,4.135877132415772,1.8799999952316284,124.94000244140624,12.656782150268556
2023-02-20,,,,,,4.090226650238037,1.8550000190734863,,
2023-02-21,2411.5,10.390249252319336,4.234499931335449,62.15923309326172,81.72180938720703,4.181526184082031,1.8899999856948853,126.33999633789062,12.671656608581545
2023-02-22,2361.5,10.20857048034668,4.202499866485596,61.78086471557617,80.52452087402344,4.1906561851501465,1.840000033378601,125.7699966430664,12.574981689453123
2023-02-23,2339.75,10.355643272399902,4.072999954223633,62.1689338684082,81.63561248779297,4.117617130279541,1.850000023841858,125.91999816894533,12.582417488098145
2023-02-24,2294.5,10.09610366821289,3.954999923706055,60.98532485961914,80.917236328125,4.026317119598389,1.8450000286102293,125.8499984741211,12.143667221069336
2023-02-27,2327.0,10.27778148651123,4.008999824523926,61.7226448059082,81.59729766845703,3.916757583618164,1.7649999856948853,125.73999786376952,12.121357917785645
2023-02-28,2323.5,10.269129753112791,4.097499847412109,61.85847473144531,81.2907943725586,3.962407112121582,1.8849999904632568,125.75,12.151105880737305
2023-03-01,2379.25,10.658439636230469,4.168000221252441,62.22714614868164,83.45547485351562,4.081096649169922,1.875,126.8000030517578,12.879873275756836
2023-03-02,2367.25,10.580577850341797,4.084000110626221,61.790557861328125,81.4153060913086,4.291086196899414,1.940000057220459,127.0199966430664,12.716272354125977
2023-03-03,2369.75,10.900676727294922,4.078000068664551,63.43016815185547,83.88650512695312,4.3458662033081055,1.8650000095367432,126.63999938964844,12.723710060119627
2023-03-06,2368.75,10.416202545166016,4.100500106811523,63.0421028137207,81.73139190673828,4.309345722198486,1.8550000190734863,125.5,12.41137981414795
2023-03-07,2328.75,9.758700370788574,3.986500024795532,61.08233642578125,78.52267456054688,4.227175712585449,1.850000023841858,127.33000183105467,12.136232376098633
2023-03-08,2327.5,9.905773162841797,4.041500091552734,61.208457946777344,79.05905151367188,4.135877132415772,1.8550000190734863,127.37000274658205,12.433688163757324
2023-03-09,2306.0,9.637582778930664,4.054500102996826,59.78229904174805,77.67977905273438,4.15754508972168,1.8849999904632568,129.47999572753906,12.24777889251709
2023-03-10,2291.75,9.672188758850098,4.045499801635742,58.80242156982422,75.59171295166016,4.018340587615967,1.7400000095367432,129.44000244140625,12.046995162963867
2023-03-13,2299.5,9.620279312133787,4.069499969482422,58.54047393798828,74.46147155761719,3.9812209606170654,1.7599999904632568,130.49000549316406,11.950321197509766
2023-03-14,2316.75,9.654885292053224,4.010499954223633,58.5501708984375,74.49978637695312,3.86057710647583,1.6349999904632568,130.0399932861328,12.120649337768556
2023-03-15,2242.5,8.651330947875977,3.8564999103546143,56.8814697265625,70.86004638671875,3.897697925567627,1.6349999904632568,130.08999633789062,11.725245475769045
2023-03-16,2233.25,8.858963966369629,3.885499954223633,57.6382064819336,71.89450073242188,3.7120940685272217,1.5800000429153442,128.91000366210938,11.854512214660645
2023-03-17,2229.25,9.075246810913086,3.9135000705718994,56.803855895996094,71.56884765625,3.851297378540039,1.590000033378601,130.0,12.006590843200684
2023-03-20,2240.5,9.525115966796877,3.975500106811523,57.66730880737305,72.38299560546875,3.730654239654541,1.5499999523162842,128.25999450683594,12.059819221496582
2023-03-21,2243.75,9.49050998687744,4.018499851226807,59.12257766723633,73.67606353759766,3.786335468292236,1.559999942779541,128.00999450683594,11.953363418579102
2023-03-22,2266.25,9.43860149383545,4.06850004196167,58.57927703857422,72.70866394042969,3.86057710647583,1.6100000143051147,127.7300033569336,11.816493034362791
2023-03-23,2298.5,9.447253227233888,4.145999908447266,58.91884231567383,71.59757232666016,3.777055501937866,1.4800000190734863,126.66000366210938,11.367860794067385
2023-03-24,2308.0,9.360739707946776,4.101500034332275,58.60838317871094,72.03816986083984,3.823456764221192,1.4700000286102295,126.01000213623048,11.367860794067385
2023-03-27,2341.75,9.585675239562988,4.104499816894531,58.76361083984375,72.2489013671875,3.823456764221192,1.5399999618530271,126.01000213623048,11.38306999206543
2023-03-28,2370.25,9.71544361114502,4.111999988555908,59.43302917480469,76.58785247802734,3.8884177207946777,1.6799999475479126,126.01000213623048,11.618791580200195
2023-03-29,2360.0,9.888471603393556,4.114999771118164,61.03382873535156,77.75640106201172,3.925539493560791,1.6299999952316284,126.01000213623048,11.869721412658691
2023-03-30,2363.5,10.044195175170898,4.090499877929688,61.198760986328125,78.51309204101562,4.009061336517334,1.684999942779541,126.01000213623048,12.120649337768556
2023-03-31,2383.75,9.897122383117676,4.104499816894531,61.65473937988281,78.13953399658203,4.055461883544922,1.8350000381469729,127.05999755859376,11.99898624420166
2023-04-03,2378.75,9.879820823669434,4.059500217437744,61.41219329833984,78.91537475585938,4.027621746063232,1.7400000095367432,122.19000244140624,11.976176261901855
2023-04-04,2348.25,9.992287635803224,3.983500003814697,59.9957389831543,76.58785247802734,4.046182632446289,1.6349999904632568,120.23999786376952,11.595979690551758
2023-04-05,2315.5,9.836565017700195,3.997999906539917,59.52034759521485,75.9939956665039,3.962660551071167,1.625,119.66999816894533,11.542752265930176
2023-04-06,2325.0,9.827911376953123,4.026000022888184,59.17108917236328,75.34268188476562,3.8884177207946777,1.565000057220459,119.16000366210938,11.48192024230957
2023-04-10,2324.75,9.836565017700195,3.986500024795532,60.15096664428711,75.70665740966797,,,119.75,11.687225341796877
2023-04-11,2295.25,10.12205696105957,4.024499893188477,60.655460357666016,76.81773376464844,3.962660551071167,1.6150000095367432,121.0500030517578,12.485637664794922
2023-04-12,2316.0,10.346991539001465,4.084499835968018,59.49124526977539,76.62616729736328,4.064742565155029,1.565000057220459,120.5,12.34876537322998
2023-04-13,2365.75,10.545971870422363,4.124000072479248,60.47113037109375,78.42688751220703,4.027621746063232,1.5700000524520874,119.91999816894533,12.204293251037598
2023-04-14,2379.0,10.571927070617676,4.107500076293945,60.88829803466797,78.84832763671875,4.120423316955566,1.625,119.11000061035156,12.135857582092283
2023-04-17,2377.75,10.485413551330566,4.065999984741211,61.50920867919922,79.518798828125,4.138984203338623,1.600000023841858,120.01000213623048,11.92294979095459
2023-04-18,2428.75,10.693044662475586,4.089499950408936,61.95549774169922,79.91151428222656,4.111143589019775,1.6100000143051147,120.33999633789062,11.991382598876951
2023-04-19,2442.5,10.61518383026123,4.072000026702881,61.48981094360352,79.22187805175781,4.176105499267578,1.6150000095367432,120.26000213623048,11.38306999206543
2023-04-20,2422.25,10.684393882751465,4.021999835968018,59.55915832519531,76.75067901611328,4.138984203338623,1.559999942779541,119.30999755859376,11.19297218322754
2023-04-21,2386.75,10.51136589050293,3.9800000190734863,57.76433563232422,75.56297302246094,4.129703998565674,1.5299999713897705,117.20999908447266,10.85079574584961
2023-04-24,2375.25,10.459458351135254,3.953000068664551,58.62778854370117,76.63574981689453,3.823456764221192,1.5049999952316284,116.76000213623048,10.751944541931152
2023-04-25,2329.25,9.905773162841797,3.845999956130981,56.39638137817383,73.74310302734375,,,117.5999984741211,10.462995529174805
2023-04-26,2318.5,10.234524726867676,3.849999904632568,57.124019622802734,74.04961395263672,3.86057710647583,1.4149999618530271,116.70999908447266,10.561846733093262
2023-04-27,2311.5,10.321038246154783,3.864500045776367,58.53076934814453,75.14153289794922,3.842017412185669,1.2799999713897705,116.20999908447266,10.8964204788208
2023-04-28,2359.75,10.156661987304688,3.869999885559082,58.43375396728516,76.1568374633789,3.934818983078003,1.1549999713897705,116.13999938964844,10.957250595092772
2023-05-01,2390.75,10.078800201416016,3.9170000553131104,57.56058883666992,74.78713989257812,3.9069790840148926,1.0299999713897705,103.61000061035156,10.797567367553713
2023-05-02,2382.75,9.914424896240234,3.848000049591065,57.26953887939453,74.19328308105469,3.86057710647583,1.0199999809265137,106.01000213623048,10.470599174499512
2023-05-03,2330.75,9.93172836303711,3.8315000534057617,57.34715270996094,74.59556579589844,3.786335468292236,0.9950000047683716,105.4800033569336,10.485807418823242
2023-05-04,2300.5,9.787790298461914,3.849999904632568,57.40536880493164,74.89250183105469,3.823456764221192,0.9449999928474426,103.87000274658205,10.158838272094728
2023-05-05,2329.5,10.066669464111328,3.871500015258789,58.8994369506836,77.70851135253906,3.8327367305755615,1.0149999856948853,103.5500030517578,10.569451332092283
2023-05-08,2314.25,10.09365940093994,3.9179999828338623,59.1419792175293,79.20272064208984,3.897697925567627,0.959999978542328,107.4000015258789,10.569451332092283
2023-05-09,2333.75,10.120646476745604,3.888999938964844,58.94794464111328,79.3559799194336,3.879137754440308,0.9350000023841858,106.0500030517578,10.721528053283691
2023-05-10,2284.75,10.057674407958984,3.828000068664551,59.77259826660156,80.93639373779297,3.851297378540039,0.9399999976158142,106.8499984741211,10.645488739013672
2023-05-11,2216.5,9.598871231079102,3.697499990463257,60.18977737426758,81.03217315673828,3.767775297164917,0.9549999833106996,104.8000030517578,10.424975395202637
2023-05-12,2238.25,9.7158203125,3.7165000438690186,59.47184371948242,80.73524475097656,3.730654239654541,0.9800000190734864,105.16000366210938,10.47820281982422
2023-05-15,2250.25,9.832770347595217,3.737499952316284,61.12113952636719,82.31566619873047,3.749214410781861,0.9549999833106996,106.7699966430664,10.706320762634276
2023-05-16,2260.0,9.634855270385742,3.6545000076293945,60.61665344238281,80.64904022216797,3.767775297164917,0.9200000166893004,106.83999633789062,10.409767150878906
2023-05-17,2295.75,9.814777374267578,3.743000030517578,61.208457946777344,81.76970672607422,3.7120940685272217,0.8899999856948853,107.37999725341795,10.767151832580566
2023-05-18,2286.75,9.68883228302002,3.68149995803833,61.08233642578125,81.64517974853516,3.767775297164917,0.9350000023841858,107.2699966430664,10.713923454284668
2023-05-19,2300.0,9.7158203125,3.722500085830689,60.98532485961914,81.23331451416016,3.767775297164917,0.9800000190734864,107.0999984741211,10.539034843444824
2023-05-22,2290.5,9.652847290039062,3.674000024795532,61.790557861328125,81.00343322753906,3.739934921264648,0.9350000023841858,107.16000366210938,10.409767150878906
2023-05-23,2255.0,9.409952163696287,3.641499996185303,61.04352951049805,79.46133422851562,3.721374273300171,0.9399999976158142,106.54000091552734,10.15123462677002
2023-05-24,2230.0,9.194045066833496,3.553499937057495,60.33530044555664,78.04375457763672,3.702813386917114,0.8999999761581421,105.55999755859376,9.97634506225586
2023-05-25,2233.25,9.185049057006836,3.5804998874664307,59.72408676147461,77.45948028564453,3.600731134414673,0.8550000190734863,105.5999984741211,9.786246299743652
2023-05-26,2245.0,9.373968124389648,3.673500061035156,60.05395126342773,77.75640106201172,3.64713191986084,0.8600000143051147,105.41000366210938,10.082799911499023
2023-05-29,,,,,,3.665692567825317,0.8949999809265137,,
2023-05-30,2227.75,9.248022079467772,3.6579999923706055,59.67558288574219,76.44417572021484,3.702813386917114,0.875,105.1999969482422,9.702603340148926
2023-05-31,2255.5,9.167057037353516,3.63100004196167,59.02556228637695,75.8694839477539,3.600731134414673,0.8550000190734863,105.06999969482422,9.641772270202637
2023-06-01,2299.25,9.337984085083008,3.7065000534057617,59.47184371948242,77.35411834716797,3.582170248031616,0.8399999737739563,104.5,9.915512084960938
2023-06-02,2269.5,9.68883228302002,3.722500085830689,61.45100784301758,80.62989044189453,3.64713191986084,0.8999999761581421,106.33000183105467,10.402165412902832
2023-06-05,2240.5,9.53589916229248,3.762500047683716,61.0726318359375,79.98814392089844,3.693533420562744,0.925000011920929,107.37999725341795,10.348936080932615
2023-06-06,2204.75,9.607867240905762,3.766999959945679,61.984596252441406,81.32910919189453,3.610011339187622,0.9399999976158142,108.58999633789062,10.447787284851074
2023-06-07,2207.25,9.7158203125,3.754499912261963,61.24726104736328,80.5915756225586,3.554329872131348,0.9049999713897704,109.18000030517578,10.599864959716797
2023-06-08,2240.75,9.886747360229492,3.796499967575073,61.54801940917969,80.96511840820312,3.6285719871521,0.8849999904632568,111.43000030517578,10.713923454284668
2023-06-09,2254.25,9.787790298461914,3.7890000343322754,61.73235702514648,80.53410339355469,3.610011339187622,0.8949999809265137,112.95999908447266,10.675905227661133
2023-06-12,2211.25,9.850762367248535,3.750499963760376,62.1495246887207,80.4862060546875,,,111.13999938964844,10.470599174499512
2023-06-13,2220.75,10.426514625549316,3.828500032424927,63.32344055175781,82.12409973144531,3.6192917823791504,0.915000021457672,112.4499969482422,10.569451332092283
2023-06-14,2243.75,10.615434646606444,3.865999937057495,63.02268600463867,81.6834945678711,3.6192917823791504,0.8999999761581421,112.75,10.83558750152588
2023-06-15,2227.75,10.849332809448242,3.8965001106262207,64.29361724853516,82.7945785522461,3.6378519535064697,0.8550000190734863,112.93000030517578,11.002874374389648
2023-06-16,2252.5,10.80435276031494,3.884500026702881,64.33242797851562,82.8903579711914,3.64713191986084,0.9100000262260436,113.0199966430664,10.980061531066896
2023-06-19,,,,,,3.6285719871521,0.875,,
2023-06-20,2217.5,10.309564590454102,3.878499984741211,63.40105056762695,81.08964538574219,3.656412124633789,0.8899999856948853,113.08000183105467,10.683507919311523
2023-06-21,2223.0,10.363542556762695,3.91100001335144,62.65402221679688,80.7160873413086,3.572890043258667,0.8799999952316284,112.8499984741211,10.630282402038574
2023-06-22,2203.0,10.2645845413208,3.888499975204468,62.10102081298828,79.57627868652344,3.5264892578125,0.8650000095367432,112.8499984741211,10.577054023742676
2023-06-23,2168.25,9.886747360229492,3.805999994277954,60.59724807739258,77.94796752929688,3.452246904373169,0.8399999737739563,112.6500015258789,10.417369842529297
2023-06-26,2149.5,10.021689414978027,3.786499977111816,60.83009338378906,78.42688751220703,3.442966938018799,0.7900000214576721,112.45999908447266,10.485807418823242
2023-06-27,2170.0,10.129642486572266,3.7815001010894775,61.819671630859375,79.12609100341797,3.4615273475646973,0.8050000071525574,112.5999984741211,10.577054023742676
2023-06-28,2148.25,9.823774337768556,3.7204999923706055,61.65473937988281,77.81387329101562,3.498648405075073,0.8700000047683716,112.63999938964844,10.136027336120604
2023-06-29,2126.0,9.904740333557127,3.677500009536743,61.90586471557617,78.15868377685547,3.4708077907562256,0.8999999761581421,112.62000274658205,10.28050136566162
2023-06-30,2114.75,10.129642486572266,3.740999937057495,63.28804016113281,79.65290069580078,3.489368200302124,0.9049999713897704,112.56999969482422,10.204463005065918
2023-07-03,2112.75,10.426514625549316,3.7790000438690186,65.06929016113281,81.02259063720703,3.53576922416687,0.915000021457672,110.87000274658205,10.462995529174805
2023-07-04,,,,,,3.53576922416687,0.9399999976158142,,
2023-07-05,2119.25,10.372538566589355,3.753499984741211,64.94275665283203,81.6834945678711,3.572890043258667,0.9399999976158142,111.83999633789062,10.181650161743164
2023-07-06,2103.0,9.922731399536133,3.7200000286102295,63.77471923828125,79.32723999023438,3.489368200302124,0.8949999809265137,112.2699966430664,10.014363288879396
2023-07-07,2111.25,10.057674407958984,3.766999959945679,64.95249938964844,80.94596862792969,3.405846357345581,0.8949999809265137,110.54000091552734,10.189253807067873
2023-07-10,2115.5,9.97670841217041,3.7715001106262207,65.69225311279297,81.79843139648438,3.3037633895874023,0.9049999713897704,109.20999908447266,10.044779777526855
2023-07-11,2127.5,10.201611518859863,3.753499984741211,65.89664459228516,82.46891784667969,3.4244065284729004,0.9200000166893004,109.33999633789062,10.43257999420166
2023-07-12,2193.75,10.615434646606444,3.8420000076293945,66.24706268310547,83.24475860595703,3.4615273475646973,0.9100000262260436,110.61000061035156,10.59226131439209
2023-07-13,2242.0,11.047246932983398,3.929500102996826,67.00627136230469,84.63360595703125,3.582170248031616,0.9200000166893004,110.9499969482422,10.904022216796877
2023-07-14,2235.0,10.930298805236816,3.921999931335449,66.13026428222656,83.05319213867188,3.665692567825317,0.925000011920929,112.37999725341795,10.866003036499023
2023-07-17,2207.0,10.687402725219728,3.8320000171661377,65.63385009765625,82.4210205078125,3.656412124633789,0.8899999856948853,111.80999755859376,10.698716163635254
2023-07-18,2164.25,10.570452690124512,3.815999984741211,65.93557739257812,82.78499603271484,3.6192917823791504,0.7450000047683716,112.16999816894533,10.66830062866211
2023-07-19,2137.25,10.543464660644531,3.799499988555908,65.52677154541016,81.44403839111328,3.554329872131348,0.7799999713897705,112.08000183105467,10.683507919311523
2023-07-20,2143.25,10.921302795410156,3.817500114440918,64.63128662109375,81.25247955322266,3.53576922416687,0.7799999713897705,112.43000030517578,10.683507919311523
2023-07-21,2148.0,10.91230583190918,3.802999973297119,63.36590576171875,79.18356323242188,3.54504942893982,0.7350000143051147,112.47000122070312,10.789963722229004
2023-07-24,2153.75,10.957286834716797,3.8405001163482666,63.37565231323242,77.6606216430664,3.452246904373169,0.7149999737739563,112.51000213623048,11.185367584228516
2023-07-25,2184.0,11.14620590209961,3.901999950408936,64.06674194335938,79.49964904785156,3.572890043258667,0.7099999785423279,112.72000122070312,11.535147666931152
2023-07-26,2155.5,10.91230583190918,3.890500068664551,64.4268798828125,79.518798828125,3.64713191986084,0.7149999737739563,112.88999938964844,11.48192024230957
2023-07-27,2151.75,10.705394744873049,3.8635001182556152,62.7137565612793,76.37712860107422,3.610011339187622,0.75,112.9000015258789,11.24619960784912
2023-07-28,2178.5,10.741378784179688,3.9170000553131104,64.29060363769531,77.96712493896484,3.572890043258667,0.7099999785423279,112.69000244140624,10.827982902526855
2023-07-31,2230.5,10.894311904907228,3.994499921798706,64.89408874511719,78.22573852539062,3.600731134414673,0.699999988079071,112.45999908447266,11.124536514282228
2023-08-01,2198.5,10.750374794006348,3.8935000896453857,63.58004379272461,76.5495376586914,3.6192917823791504,0.7300000190734863,108.31999969482422,10.75954818725586
2023-08-02,2150.5,10.480491638183594,3.827500104904175,61.88640213012695,75.1894302368164,3.6378519535064697,0.7200000286102295,107.41000366210938,10.569451332092283
2023-08-03,2168.25,10.480491638183594,3.875999927520752,62.2757453918457,75.69707489013672,3.610011339187622,0.7149999737739563,104.26000213623048,10.493412017822266
2023-08-04,2172.0,10.44450569152832,3.8450000286102295,61.90586471557617,76.5495376586914,3.656412124633789,0.6850000023841858,105.18000030517578,10.516222953796388
2023-08-07,2166.75,10.435511589050291,3.812999963760376,61.3121223449707,76.10894012451172,3.6285719871521,0.6499999761581421,104.7300033569336,10.546637535095217
2023-08-08,2133.0,10.165627479553224,3.747999906539917,60.961708068847656,75.68749237060547,3.600731134414673,0.6399999856948853,104.41000366210938,10.45539093017578
2023-08-09,2122.75,10.399527549743652,3.767499923706055,60.38742446899414,75.4576187133789,3.610011339187622,0.6499999761581421,104.6999969482422,10.34133243560791
2023-08-10,2154.75,10.29157257080078,3.750999927520752,60.29008102416992,75.6300277709961,3.610011339187622,0.6600000262260437,104.5999984741211,10.265294075012209
2023-08-11,2115.25,10.138638496398926,3.714499950408936,59.11231994628906,74.37527465820312,3.572890043258667,0.7300000190734863,105.37000274658205,10.128423690795898
2023-08-14,2081.0,9.868754386901855,3.724499940872192,58.09028625488281,72.91937255859375,3.53576922416687,0.6800000071525574,104.62999725341795,9.780195236206056
2023-08-15,2075.5,9.481922149658203,3.661499977111816,56.81518173217773,70.87920379638672,3.5264892578125,0.6449999809265137,104.8000030517578,9.623333930969238
2023-08-16,2073.25,9.490917205810549,3.65149998664856,56.11436080932617,70.24703979492188,3.442966938018799,0.6050000190734863,104.80999755859376,9.631176948547363
2023-08-17,2090.5,9.697829246520996,3.685499906539917,56.09489440917969,69.79685974121094,3.4151265621185303,0.6050000190734863,105.63999938964844,9.717450141906738
2023-08-18,2081.0,9.508909225463867,3.6989998817443848,55.45247268676758,69.25090026855469,3.4244065284729004,0.6100000143051147,106.0999984741211,9.654706954956056
2023-08-21,2082.75,9.625859260559082,3.711999893188477,56.18249130249024,69.83517456054688,3.4151265621185303,0.5950000286102295,106.4800033569336,9.64686393737793
2023-08-22,2114.25,9.796786308288574,3.750499963760376,55.617942810058594,69.25090026855469,3.4615273475646973,0.5849999785423279,106.7699966430664,9.952739715576172
2023-08-23,2131.0,9.886747360229492,3.803499937057495,56.20196533203125,69.50951385498047,3.480087757110596,0.5950000286102295,107.47000122070312,10.172345161437988
2023-08-24,2111.25,9.652847290039062,3.767499923706055,55.598480224609375,68.36012268066406,3.3965659141540527,0.5899999737739563,107.81999969482422,9.984111785888672
2023-08-25,2108.75,9.66184425354004,3.759999990463257,55.67634582519531,67.83332061767578,3.229521512985229,0.5550000071525574,108.20999908447266,9.991954803466797
2023-08-28,2139.25,9.77879238128662,3.753999948501587,55.909950256347656,66.98085021972656,3.1831204891204834,0.5450000166893005,108.30999755859376,10.13312816619873
2023-08-29,2125.25,9.97670841217041,3.7929999828338623,58.17788696289063,69.24132537841797,3.164559841156006,0.5450000166893005,108.6500015258789,10.45469093322754
2023-08-30,2165.25,9.985705375671388,3.785000085830689,57.80801010131836,68.30264282226562,3.164559841156006,0.5600000023841858,108.98999786376952,10.45469093322754
2023-08-31,2175.5,10.061785697937012,3.7725000381469727,57.68147659301758,67.6609115600586,3.1552796363830566,0.5799999833106995,109.4000015258789,10.32920265197754
2023-09-01,2216.25,10.223459243774414,3.8125,57.81774139404297,68.80072784423828,3.1552796363830566,0.574999988079071,118.19000244140624,10.972326278686523
2023-09-04,,,,,,3.275922536849976,0.6050000190734863,,
2023-09-05,2180.0,10.25199031829834,3.811000108718872,58.27521896362305,69.97884368896484,3.229521512985229,0.5849999785423279,117.12999725341795,10.886054039001465
2023-09-06,2175.5,10.175909042358398,3.748500108718872,57.44786834716797,68.88692474365234,3.192400932312012,0.5950000286102295,118.97000122070312,10.682137489318848
2023-09-07,2171.25,9.985705375671388,3.7260000705718994,56.396629333496094,68.04403686523438,3.081037759780884,0.5649999976158142,117.4000015258789,10.337047576904297
2023-09-08,2154.75,10.033257484436035,3.680500030517578,55.64714050292969,67.45976257324219,3.043917179107666,0.5699999928474426,116.9000015258789,10.439004898071287
2023-09-11,2179.25,10.318563461303713,3.7699999809265137,56.5134391784668,68.55168914794922,3.053197145462036,0.6100000143051147,118.2300033569336,10.737037658691406
2023-09-12,2192.25,10.24247932434082,3.752000093460083,56.49397277832031,68.3122329711914,3.0253562927246094,0.5649999976158142,120.33000183105467,10.666452407836914
2023-09-13,2201.25,10.175909042358398,3.75600004196167,55.99755096435547,68.52294921875,3.0253562927246094,0.5400000214576721,120.52999877929688,10.744880676269531
2023-09-14,2202.25,10.63239860534668,3.7825000286102295,56.63024520874024,69.24132537841797,3.0628879070281982,0.550000011920929,120.55999755859376,11.293889999389648
2023-09-15,2167.25,10.65141773223877,3.763499975204468,56.34796905517578,68.80072784423828,3.166554450988769,0.5950000286102295,121.29000091552734,11.231146812438965
2023-09-18,2202.0,10.76554012298584,3.741499900817871,56.04622650146485,67.71837615966797,3.1948277950286865,0.5550000071525574,122.1999969482422,11.066442489624023
2023-09-19,2188.75,10.841622352600098,3.71399998664856,55.43300247192383,66.61687469482422,3.204251766204834,0.5099999904632568,122.16000366210938,11.074285507202148
2023-09-20,2236.0,10.76554012298584,3.746500015258789,54.49858093261719,65.4962158203125,3.13828182220459,0.4749999940395355,121.83000183105467,11.137030601501465
2023-09-21,2188.75,10.489744186401367,3.6665000915527344,52.9119987487793,63.494361877441406,3.185403347015381,0.4550000131130218,121.69000244140624,10.705666542053224
2023-09-22,2215.5,10.54680633544922,3.6654999256134033,53.31107711791992,64.3180923461914,3.157130241394043,0.4699999988079071,121.33000183105467,10.784096717834473
2023-09-25,2209.0,10.499256134033203,3.649499893188477,53.28187561035156,63.89664459228516,3.13828182220459,0.4699999988079071,121.18000030517578,10.509592056274414
2023-09-26,2228.25,10.3375825881958,3.625,52.30851364135742,62.21086883544922,3.110008955001831,0.4449999928474426,120.93000030517578,10.27430248260498
2023-09-27,2232.75,10.451704025268556,3.627000093460083,52.40584564208984,61.70322036743164,3.0723118782043457,0.4449999928474426,120.83999633789062,10.188028335571287
2023-09-28,2271.75,10.65141773223877,3.694499969482422,53.52521514892578,63.618873596191406,3.081736326217652,0.4449999928474426,120.83999633789062,10.376260757446287
2023-09-29,2329.5,10.841622352600098,3.7260000705718994,53.70042037963867,63.532676696777344,3.1948277950286865,0.5099999904632568,120.79000091552734,10.509592056274414
2023-10-02,2310.25,10.59435749053955,3.631999969482422,52.72705459594727,61.60743713378906,3.2890703678131104,0.550000011920929,120.13999938964844,10.368417739868164
2023-10-03,2287.0,10.366111755371094,3.615499973297119,51.305946350097656,59.567264556884766,3.2136759757995605,0.5099999904632568,118.44000244140624,10.101757049560549
2023-10-04,2242.25,10.232970237731934,3.5840001106262207,51.60768508911133,59.596004486083984,3.1477062702178955,0.4900000095367431,118.02999877929688,10.007641792297363
2023-10-05,2224.5,10.19493007659912,3.546999931335449,50.29364776611328,58.48492431640625,3.175978899002075,0.4900000095367431,117.41999816894533,10.023326873779297
2023-10-06,2227.25,10.366111755371094,3.624500036239624,50.87766647338867,60.01744842529297,3.175978899002075,0.4449999928474426,117.73999786376952,10.18018627166748
2023-10-09,2224.75,10.480236053466797,3.642499923706055,50.66352081298828,59.93124008178711,3.175978899002075,0.4600000083446502,118.18000030517578,10.086069107055664
2023-10-10,2198.0,10.77505111694336,3.631999969482422,52.22091293334961,61.913944244384766,3.2325246334075928,0.4799999892711639,117.4000015258789,10.352731704711914
2023-10-11,2196.25,10.74652099609375,3.614000082015991,52.17223739624024,61.32966995239258,3.2325246334075928,0.4950000047683716,118.30999755859376,10.48606300354004
2023-10-12,2185.5,10.717989921569824,3.594000101089477,52.48371505737305,61.23388671875,3.270221710205078,0.4900000095367431,117.41999816894533,10.27430248260498
2023-10-13,2181.5,10.54680633544922,3.5799999237060547,51.52981948852539,60.496360778808594,3.2984941005706787,0.4850000143051147,118.56999969482422,10.266460418701172
2023-10-16,2169.25,10.727499008178713,3.586999893188477,51.66609573364258,60.58256530761719,3.2984941005706787,0.4699999988079071,119.25,10.470377922058104
2023-10-17,2166.5,10.717989921569824,3.575500011444092,52.02623748779297,60.66876602172852,3.260797500610352,0.4749999940395355,119.30999755859376,10.556649208068848
2023-10-18,2175.75,10.489744186401367,3.5820000171661377,49.914039611816406,57.82402038574219,3.2984941005706787,0.4449999928474426,119.01000213623048,10.11744213104248
2023-10-19,2184.0,10.30905055999756,3.5915000438690186,48.278785705566406,55.85089874267578,3.1948277950286865,0.4550000131130218,119.04000091552734,10.007641792297363
2023-10-20,2177.0,9.985705375671388,3.5420000553131104,47.66557312011719,55.41029357910156,3.175978899002075,0.5299999713897705,118.6500015258789,9.733137130737305
2023-10-23,2174.25,9.871582984924316,3.572999954223633,47.20809173583984,54.16512298583984,3.081736326217652,0.75,118.4499969482422,9.75666618347168
2023-10-24,2184.0,10.042766571044922,3.609999895095825,48.42479705810547,56.41601943969727,3.0346150398254395,0.7049999833106995,118.19000244140624,10.07038402557373
2023-10-25,2213.25,10.042766571044922,3.572000026702881,47.05234909057617,55.5731315612793,3.0628879070281982,0.7400000095367432,118.4800033569336,9.976268768310549
2023-10-26,2193.5,10.09982681274414,3.56850004196167,46.57540130615234,55.55397415161133,3.053463220596313,0.6650000214576721,118.4499969482422,10.219401359558104
2023-10-27,2222.75,10.175909042358398,3.634000062942505,46.98421859741211,55.81258773803711,3.13828182220459,0.7049999833106995,118.5500030517578,10.580178260803224
2023-10-30,2263.75,10.366111755371094,3.649499893188477,46.77007675170898,55.094215393066406,3.13828182220459,0.7200000286102295,118.6999969482422,10.603707313537598
2023-10-31,2251.5,9.99521541595459,3.641499996185303,46.46833801269531,54.816444396972656,3.128857612609864,0.6650000214576721,118.91000366210938,10.752723693847656
2023-11-01,2235.25,9.985705375671388,3.6449999809265137,46.00111770629883,54.50993728637695,3.128857612609864,0.6850000023841858,122.33000183105467,11.12918758392334
2023-11-02,2221.25,10.19493007659912,3.6670000553131104,46.74087142944336,55.37198638916016,3.128857612609864,0.6850000023841858,125.56999969482422,11.364476203918455
2023-11-03,2246.0,10.25199031829834,3.674499988555908,47.967315673828125,56.93324279785156,3.128857612609864,0.7599999904632568,126.1500015258789,11.395848274230955
2023-11-06,2275.5,10.366111755371094,3.7095000743865967,48.376121520996094,56.13824462890625,3.081736326217652,0.7699999809265137,126.62999725341795,11.458592414855955
2023-11-07,2251.5,10.004725456237791,3.670000076293945,47.73370742797852,55.53481674194336,3.0628879070281982,0.7649999856948853,125.9499969482422,11.22330379486084
2023-11-08,2251.25,9.890603065490724,3.628000020980835,47.25675582885742,54.78771209716797,2.930947542190552,0.8149999976158142,127.26000213623048,11.168401718139648
2023-11-09,2232.0,9.833541870117188,3.634999990463257,46.448875427246094,54.15554428100586,3.0157663822174072,0.7599999904632568,127.37999725341795,11.17624568939209
2023-11-10,2206.0,9.928643226623535,3.5834999084472656,46.205528259277344,53.54253387451172,2.9686453342437744,0.7599999904632568,128.07000732421875,11.442904472351074
2023-11-13,2216.5,9.985705375671388,3.662499904632568,46.57540130615234,53.97355651855469,2.883826732635498,0.7149999737739563,128.33999633789062,11.348790168762209
2023-11-14,2204.0,10.641908645629885,3.682499885559082,48.28852462768555,56.10951232910156,2.9874937534332275,0.7300000190734863,128.77999877929688,11.889954566955566
2023-11-15,2199.75,10.908193588256836,3.7174999713897705,48.76546859741211,56.75125503540039,2.9874937534332275,0.7549999952316284,129.25,11.819368362426758
2023-11-16,2179.75,10.75603199005127,3.704499959945679,46.98421859741211,54.14596557617188,2.9874937534332275,0.7599999904632568,129.4199981689453,11.921327590942385
2023-11-17,2177.5,11.069867134094238,3.737499952316284,48.093849182128906,56.329811096191406,2.9874937534332275,0.7350000143051147,128.9499969482422,11.87427043914795
2023-11-20,2208.0,11.022315979003906,3.8125,48.736270904541016,56.61716079711914,3.0063421726226807,0.6700000166893005,129.30999755859375,12.274261474609377
2023-11-21,2219.25,10.86064338684082,3.814500093460083,48.123046875,56.23402786254883,3.053463220596313,0.699999988079071,129.5500030517578,12.446806907653809
2023-11-22,2188.0,10.660928726196287,3.766499996185303,47.50010299682617,55.362403869628906,3.053463220596313,0.6650000214576721,129.83999633789062,12.29244613647461
2023-11-23,,,3.7790000438690186,,,2.9592206478118896,0.6299999952316284,,
2023-11-24,2200.25,10.70847988128662,3.796499967575073,47.50983047485352,55.61144256591797,2.9592206478118896,0.6299999952316284,130.16000366210938,12.171217918395996
2023-11-27,2184.75,10.603866577148438,3.762500047683716,46.39046478271485,54.04060363769531,2.9120993614196777,0.6200000047683716,130.4199981689453,12.033827781677246
2023-11-28,2188.5,10.70847988128662,3.8010001182556152,46.925811767578125,54.720664978027344,2.921523332595825,0.6499999761581421,130.39999389648438,12.195463180541992
2023-11-29,2171.5,10.689459800720217,3.78600001335144,46.69220733642578,54.73982238769531,2.883826732635498,0.6399999856948853,130.3800048828125,12.07423496246338
2023-11-30,2160.25,10.613377571105955,3.828999996185303,46.40019989013672,54.404579162597656,2.902675151824951,0.6349999904632568,130.4600067138672,12.122726440429688
2023-12-01,2174.5,11.022315979003906,3.908999919891357,47.0134162902832,55.582706451416016,2.9120993614196777,0.5849999785423279,130.4600067138672,12.421753883361816
2023-12-04,2148.75,10.641908645629885,3.820499897003174,45.58258056640625,53.98313522338867,2.9403722286224365,0.574999988079071,130.4600067138672,11.961090087890623
2023-12-05,2126.0,10.461215019226074,3.7725000381469727,44.64814376831055,51.73223876953125,2.883826732635498,0.5600000023841858,130.77000427246094,11.89643669128418
2023-12-06,2109.75,10.556317329406738,3.7165000438690186,45.82592010498047,53.255184173583984,2.9403722286224365,0.5899999737739563,132.9199981689453,11.872191429138184
2023-12-07,2092.5,10.8511323928833,3.784499883651733,46.69220733642578,54.28963851928711,2.949796438217163,0.6349999904632568,134.39999389648438,11.985336303710938
2023-12-08,2109.0,10.898683547973633,3.819999933242798,46.86741256713867,54.9313850402832,2.949796438217163,0.6650000214576721,135.4499969482422,11.86410903930664
2023-12-11,2093.25,10.508766174316406,3.7799999713897705,46.47806930541992,53.858619689941406,2.9120993614196777,0.6600000262260437,135.16000366210938,11.944926261901855
2023-12-12,2093.25,10.385132789611816,3.78600001335144,45.81618118286133,52.43145751953125,2.8744025230407715,0.6399999856948853,135.66000366210938,11.839862823486328
2023-12-13,2113.5,10.575337409973145,3.78600001335144,47.003684997558594,54.54825592041016,2.8649778366088867,0.5849999785423279,135.02999877929688,11.99341869354248
2023-12-14,2175.0,10.98427677154541,3.888499975204468,48.31772613525391,56.5596923828125,2.978069543838501,0.6100000143051147,135.22000122070312,12.098481178283691
2023-12-15,2207.5,11.050847053527832,3.884999990463257,48.00624847412109,56.43517303466797,3.053463220596313,0.6499999761581421,135.0800018310547,12.090399742126465
2023-12-18,2237.75,11.098398208618164,3.848000049591065,47.714237213134766,56.79914474487305,3.0628879070281982,0.675000011920929,134.61000061035156,12.28436279296875
2023-12-19,2211.25,11.355172157287598,3.8959999084472656,48.58053207397461,57.98685073852539,3.0628879070281982,0.6949999928474426,134.64999389648438,12.413671493530272
2023-12-20,2187.75,11.136438369750977,3.90149998664856,47.139949798583984,55.994571685791016,3.081736326217652,0.6600000262260437,134.85000610351562,12.268199920654297
2023-12-21,2184.25,11.345664024353027,3.908499956130981,48.23012161254883,57.43131256103516,3.0628879070281982,0.625,135.30999755859375,12.74502658843994
2023-12-22,2268.0,11.279091835021973,3.8954999446868896,48.90174102783203,58.44660949707031,3.053463220596313,0.6100000143051147,135.52000427246094,12.720781326293944
2023-12-26,2251.5,11.393213272094728,3.8954999446868896,49.32028198242188,59.07877731323242,,,135.75,12.87433624267578
2023-12-27,2327.5,11.45978546142578,3.94350004196167,49.19375228881836,59.164981842041016,3.1194334030151367,0.6499999761581421,136.07000732421875,12.938990592956545
2023-12-28,2319.0,11.345664024353027,3.913000106811523,50.8877182006836,59.95040130615234,3.1477062702178955,0.6449999809265137,136.16000366210938,12.842008590698242
2023-12-29,2332.25,11.393213272094728,3.880500078201294,49.93682098388672,58.95425415039063,3.13828182220459,0.6449999809265137,136.3699951171875,12.81776237487793
2024-01-02,2278.75,11.203009605407717,3.86899995803833,49.29962539672852,58.65733337402344,3.175978899002075,0.675000011920929,136.3699951171875,12.69653606414795
2024-01-03,2251.0,10.993785858154297,3.847500085830689,48.28010559082031,56.86619567871094,3.1477062702178955,0.6299999952316284,144.16000366210938,12.62380027770996
2024-01-04,2218.25,11.022315979003906,3.8310000896453857,47.52526473999024,55.994571685791016,3.091160774230957,0.6150000095367432,142.9499969482422,12.470244407653809
2024-01-05,2203.0,11.145949363708496,3.794500112533569,47.46644592285156,55.62102127075195,3.081736326217652,0.5950000286102295,141.4499969482422,12.36518096923828
2024-01-08,2168.5,11.07937717437744,3.799499988555908,47.57427978515625,55.61144256591797,3.081736326217652,0.5649999976158142,140.8699951171875,12.340936660766602
2024-01-09,2182.5,10.86064338684082,3.748500108718872,46.525352478027344,53.954402923583984,3.175978899002075,0.5450000166893005,140.52000427246094,12.066154479980469
2024-01-10,2178.5,10.803582191467283,3.7809998989105225,46.1822509765625,52.690067291259766,3.185403347015381,0.5299999713897705,138.16000366210938,11.936844825744627
2024-01-11,2179.75,10.784560203552246,3.77649998664856,46.61357879638672,52.32609558105469,3.345615863800049,0.5249999761581421,138.85000610351562,12.025745391845703
2024-01-12,2167.5,10.794071197509766,3.740000009536743,45.88815689086914,51.91423034667969,3.3550400733947754,0.5350000262260437,137.22000122070312,11.936844825744627
2024-01-15,,,,,,3.3409039974212646,0.5149999856948853,,
2024-01-16,2161.75,10.442193984985352,3.766499996185303,45.06469345092773,49.92194747924805,3.2136759757995605,0.4799999892711639,136.75,11.565082550048828
2024-01-17,2148.75,10.042766571044922,3.732500076293945,43.82950973510742,48.513946533203125,3.1005847454071045,0.4600000083446502,135.7899932861328,11.363036155700684
2024-01-18,2136.5,10.12835693359375,3.744999885559082,44.17262268066406,48.5714111328125,3.025190830230713,0.4250000119209289,136.0800018310547,11.346872329711914
2024-01-19,2127.5,10.014235496520996,3.786999940872192,43.760887145996094,47.68063354492188,3.053463220596313,0.4149999916553497,135.8800048828125,11.152909278869627
2024-01-22,2127.5,9.567256927490234,3.763999938964844,43.0550651550293,46.89521408081055,2.9686453342437744,0.3899999856948852,135.4199981689453,11.007436752319336
2024-01-23,2184.25,9.747950553894045,3.7904999256134033,43.21191787719727,46.83774566650391,3.091160774230957,0.4099999964237213,135.47999572753906,11.338790893554688
2024-01-24,2186.25,9.985705375671388,3.882499933242798,43.31975173950195,47.7476806640625,3.1477062702178955,0.4350000023841858,135.49000549316406,11.451936721801758
2024-01-25,2194.5,10.0237455368042,3.865499973297119,42.5060920715332,47.57527160644531,3.157130241394043,0.4350000023841858,135.5399932861328,11.193317413330078
2024-01-26,2226.0,10.204439163208008,3.850500106811523,42.58452224731445,47.53696060180664,,,135.5500030517578,11.451936721801758
2024-01-29,2219.5,10.290030479431152,3.872999906539917,42.47669219970703,48.236175537109375,3.166554450988769,0.449999988079071,135.5500030517578,11.306463241577148
2024-01-30,2227.5,10.13786792755127,3.9065001010894775,41.52579116821289,46.86648178100586,3.1477062702178955,0.4600000083446502,135.61000061035156,11.225646018981934
2024-01-31,2235.5,10.071296691894531,3.902499914169312,40.63371276855469,45.401004791259766,3.157130241394043,0.4199999868869781,135.1300048828125,11.064007759094238
2024-02-01,2209.25,10.3375825881958,3.8524999618530273,41.0454330444336,45.37226867675781,3.1005847454071045,0.3899999856948852,132.6699981689453,11.08825397491455
2024-02-02,2196.75,9.985705375671388,3.821500062942505,39.7318229675293,43.99300003051758,3.1477062702178955,0.395000010728836,128.6300048828125,10.740735054016112
2024-02-05,2176.75,9.747950553894045,3.7720000743865967,38.673095703125,42.36469268798828,3.044039011001587,0.4149999916553497,128.94000244140625,10.619508743286133
2024-02-06,2199.0,9.824031829833984,3.7825000286102295,40.27099990844727,44.2037239074707,2.9592206478118896,0.449999988079071,127.38999938964844,10.83771800994873
2024-02-07,2188.5,9.652847290039062,3.737499952316284,40.3984375,44.950828552246094,3.0346150398254395,0.449999988079071,127.02999877929688,10.902371406555176
2024-02-08,2189.75,9.529215812683104,3.705499887466431,40.86898422241211,45.44889450073242,2.996917963027954,0.5400000214576721,129.07000732421875,10.724573135375977
2024-02-09,2182.0,9.234399795532228,3.686000108718872,41.01603317260742,46.06190490722656,2.9592206478118896,0.5199999809265137,128.75,10.716489791870115
2024-02-12,2191.25,9.443623542785645,3.7284998893737793,41.6826400756836,46.789852142333984,2.9120993614196777,0.5400000214576721,128.8699951171875,10.853882789611816
2024-02-13,2186.0,9.291460037231444,3.71399998664856,40.19257354736328,44.22287368774414,2.902675151824951,0.5299999713897705,129.02000427246094,10.635672569274902
2024-02-14,2202.0,9.339011192321776,3.700500011444092,40.93760299682617,45.41057968139648,2.902675151824951,0.5799999833106995,129.10000610351562,10.708409309387209
2024-02-15,2186.5,9.424603462219238,3.756500005722046,41.55519485473633,46.23431396484375,2.770735502243042,0.574999988079071,129.1699981689453,10.692245483398438
2024-02-16,2176.25,9.48166561126709,3.838000059127808,42.68255615234375,48.12123489379883,2.7141897678375244,0.625,129.2899932861328,11.015517234802246
2024-02-19,,,,,,2.770735502243042,0.625,,
2024-02-20,2148.5,9.329501152038574,3.866499900817871,41.2905158996582,46.08106231689453,2.676492691040039,0.625,127.91999816894533,10.805391311645508
2024-02-21,2175.5,9.196358680725098,3.874500036239624,41.88850402832031,46.665340423583984,2.6859169006347656,0.625,127.3000030517578,10.853882789611816
2024-02-22,2144.25,9.110766410827637,3.8975000381469727,41.917911529541016,46.25347137451172,2.695341110229492,0.6100000143051147,127.81999969482422,10.918536186218262
2024-02-23,2131.25,8.996644973754883,3.881999969482422,42.182594299316406,46.301361083984375,2.723613977432251,0.5699999928474426,126.8499984741211,10.88620948791504
2024-02-26,2129.25,8.844481468200684,3.8239998817443848,42.68255615234375,46.78027725219727,2.733038187026977,0.5899999737739563,126.11000061035156,10.643754005432127
2024-02-27,2131.75,8.949092864990234,3.8310000896453857,43.37857437133789,47.59442901611328,2.6670684814453125,0.5699999928474426,125.83999633789062,11.007436752319336
2024-02-28,2132.0,8.920562744140625,3.827500104904175,43.59423828125,48.60972595214844,2.657644271850586,0.5950000286102295,125.36000061035156,10.805391311645508
2024-02-29,2167.5,9.006155014038086,3.8345000743865967,45.152923583984375,50.32423782348633,2.780159950256348,0.6100000143051147,124.86000061035156,10.83771800994873
2024-03-01,2188.5,9.139297485351562,3.8550000190734863,46.23126220703125,52.02916717529297,2.8461294174194336,0.6899999976158142,113.88999938964844,10.902371406555176
2024-03-04,2174.75,9.14880657196045,3.8519999980926514,44.86863708496094,50.6115837097168,2.780159950256348,0.6899999976158142,116.94000244140624,10.86196231842041
2024-03-05,2166.25,9.205869674682615,3.8440001010894775,42.51589584350586,46.97183990478516,2.770735502243042,0.675000011920929,116.20999908447266,10.692245483398438
2024-03-06,2189.75,9.37705135345459,3.870500087738037,43.760887145996094,48.99285507202149,2.7518868446350098,0.6866070032119751,116.95999908447266,10.88620948791504
2024-03-07,2201.5,9.671868324279783,3.919500112533569,43.8785285949707,49.64418029785156,2.776489019393921,0.6964150071144104,117.95999908447266,10.902371406555176
2024-03-08,2193.5,9.690889358520508,3.884999990463257,43.3099479675293,48.68635177612305,2.823708295822144,0.6767979860305786,117.0500030517578,10.659917831420898
2024-03-11,2210.5,9.719419479370115,3.922499895095825,45.201942443847656,50.19014358520508,2.757601261138916,0.6669890284538269,113.0,10.368972778320312
2024-03-12,2216.5,9.747950553894045,3.924999952316284,45.584259033203125,49.76869583129883,2.7292699813842773,0.6866070032119751,113.1500015258789,10.30483055114746
2024-03-13,2211.0,10.185419082641602,4.052499771118164,45.55485153198242,50.39128494262695,2.7103819847106934,0.6866070032119751,111.7699966430664,10.36390781402588
2024-03-14,2193.0,10.080806732177734,4.037000179290772,44.44710540771485,49.10779571533203,2.8520395755767822,0.6866070032119751,110.94000244140624,10.220434188842772
2024-03-15,2214.0,10.25199031829834,4.112500190734863,44.44710540771485,49.46219253540039,2.8331522941589355,0.550000011920929,109.61000061035156,10.093838691711426
2024-03-18,2213.5,10.156888961791992,4.114500045776367,45.201942443847656,49.43345642089844,2.9653656482696533,0.5450000166893005,110.47000122070312,10.228874206542969
2024-03-19,2203.5,10.090316772460938,4.058499813079834,44.79020690917969,48.66719818115234,2.9464781284332275,0.5400000214576721,110.70999908447266,10.30483055114746
2024-03-20,2212.75,10.213950157165527,4.03849983215332,45.7313117980957,50.4487533569336,2.823708295822144,0.5249999761581421,110.29000091552734,10.448305130004885
2024-03-21,2237.0,10.271011352539062,4.046500205993652,45.16272735595703,50.027305603027344,2.814264297485352,0.5299999713897705,110.94000244140624,10.448305130004885
2024-03-22,2251.25,10.204439163208008,3.996000051498413,44.329471588134766,48.53309631347656,2.748157501220703,0.5199999809265137,110.63999938964844,10.279512405395508
2024-03-25,2268.0,10.080806732177734,4.006999969482422,43.85892105102539,48.06376266479492,2.795376777648926,0.5149999856948853,110.66999816894533,10.262632369995115
2024-03-26,2246.0,10.10933780670166,3.996000051498413,43.819705963134766,47.22087478637695,2.7292699813842773,0.4900000095367431,110.27999877929688,10.14447784423828
2024-03-27,2247.0,10.356602668762209,3.992500066757202,44.50592803955078,48.5714111328125,2.767045259475708,0.4900000095367431,109.83999633789062,10.271071434020996
2024-03-28,2284.25,10.413663864135742,4.003499984741211,44.39809036254883,49.19400405883789,2.8331522941589355,0.4950000047683716,109.52999877929688,10.28795051574707
2024-04-01,2289.25,10.442193984985352,4.046000003814697,44.68238067626953,49.8070068359375,,,102.33000183105467,10.220434188842772
2024-04-02,2326.5,10.74652099609375,4.070000171661377,44.46671295166016,49.76869583129883,2.899258613586426,0.5099999904632568,102.91000366210938,10.35546875
2024-04-03,2372.0,10.993785858154297,4.192999839782715,44.9078483581543,51.109657287597656,2.861483573913574,0.5249999761581421,100.41000366210938,10.19511604309082
2024-04-04,2386.75,10.946233749389648,4.246500015258789,44.3686752319336,50.32423782348633,2.99369740486145,0.5400000214576721,99.88999938964844,10.06007957458496
2024-04-05,2395.25,10.974764823913574,4.239500045776367,44.08438873291016,50.01773071289063,3.040916681289673,0.5249999761581421,99.97000122070312,9.9588041305542
2024-04-08,2405.5,11.212519645690918,4.276999950408936,44.82942581176758,51.20543670654297,3.022028923034668,0.5249999761581421,102.68000030517578,10.54958152770996
2024-04-09,2407.25,11.393213272094728,4.285999774932861,45.72150421142578,52.70922088623047,3.06924819946289,0.5299999713897705,104.33000183105467,10.54958152770996
2024-04-10,2397.25,11.164969444274902,4.2820000648498535,44.40789031982422,51.588565826416016,3.144798517227173,0.5450000166893005,104.0199966430664,10.254192352294922
2024-04-11,2398.75,11.098398208618164,4.251999855041504,44.937255859375,52.25904846191406,3.154242753982544,0.5299999713897705,104.70999908447266,10.271071434020996
2024-04-12,2436.25,11.355172157287598,4.257500171661377,43.21191787719727,49.9698371887207,3.1070234775543213,0.5199999809265137,106.0500030517578,10.14447784423828
2024-04-15,2521.25,11.250560760498049,4.379000186920166,43.162899017333984,49.44303512573242,3.24868106842041,0.4950000047683716,106.0500030517578,10.12759780883789
2024-04-16,2515.75,11.060357093811035,4.305500030517578,41.89830780029297,47.98713684082031,3.0975797176361084,0.4699999988079071,106.06999969482422,9.849088668823242
2024-04-17,2590.5,11.145949363708496,4.34250020980835,42.300235748291016,48.839603424072266,3.06924819946289,0.4799999892711639,107.3000030517578,10.001002311706545
2024-04-18,2601.5,11.183990478515623,4.440499782562256,42.06496047973633,48.1786994934082,3.1070234775543213,0.4900000095367431,107.9499969482422,9.992562294006348
2024-04-19,2680.0,11.183990478515623,4.501999855041504,41.5846061706543,47.98713684082031,3.012585163116455,0.4799999892711639,108.25,10.279512405395508
2024-04-22,2660.75,11.193499565124512,4.500500202178955,41.49638366699219,47.55611801147461,3.1825740337371826,0.4850000143051147,108.62000274658205,10.296390533447266
2024-04-23,2572.0,11.07937717437744,4.490499973297119,41.50618743896485,47.489070892333984,3.13535475730896,0.4850000143051147,108.76000213623048,10.30483055114746
2024-04-24,2600.75,11.193499565124512,4.4670000076293945,41.06504440307617,47.16340637207031,3.125911235809326,0.4900000095367431,109.2300033569336,10.439866065979004
2024-04-25,2526.0,11.203009605407717,4.570499897003174,41.36894607543945,47.70936965942383,,,109.68000030517578,10.17823600769043
2024-04-26,2554.75,11.126928329467772,4.568999767303467,41.9669303894043,48.22659683227539,3.1825740337371826,0.4950000047683716,110.16000366210938,10.36390781402588
2024-04-29,2566.0,11.317131996154783,4.658999919891357,44.035377502441406,50.352970123291016,3.3147881031036377,0.5099999904632568,110.54000091552734,10.54114055633545
2024-04-30,2561.25,11.107908248901367,4.564499855041504,42.95703887939453,48.82044982910156,3.39033842086792,0.5249999761581421,110.91000366210938,10.271071434020996
2024-05-01,2537.75,10.993785858154297,4.552499771118164,43.19231796264648,48.8012924194336,3.3053438663482666,0.5400000214576721,117.20999908447266,10.296390533447266
2024-05-02,2491.75,10.878366470336914,4.49399995803833,44.73139953613281,50.23803329467773,3.3525631427764893,0.5249999761581421,118.08000183105467,10.566461563110352
2024-05-03,2512.25,11.003403663635254,4.573500156402588,45.09411239624024,50.85103988647461,3.380894660949707,0.5149999856948853,118.02999877929688,10.642416954040527
2024-05-06,2554.25,11.186152458190918,4.634500026702881,45.41761016845703,51.19586181640625,3.4186699390411377,0.4900000095367431,119.55999755859376,10.625537872314451
2024-05-07,2527.0,11.263099670410156,4.625500202178955,45.16272735595703,51.75139617919922,3.4470014572143555,0.4749999940395355,118.69000244140624,10.70993423461914
2024-05-08,2503.75,11.022640228271484,4.561999797821045,44.63336181640625,51.531097412109375,3.4470014572143555,0.4650000035762787,116.58999633789062,10.591778755187988
2024-05-09,2510.5,11.215006828308104,4.607500076293945,45.5450439453125,52.91037368774414,3.4186699390411377,0.4600000083446502,116.95999908447266,10.617098808288574
2024-05-10,2488.25,11.416994094848633,4.69350004196167,44.05498504638672,52.26862335205078,3.4470014572143555,0.4850000143051147,116.93000030517578,10.498942375183104
2024-05-13,2493.75,11.46508502960205,4.804500102996826,44.241241455078125,52.45061111450195,3.409226417541504,0.4749999940395355,117.30999755859376,10.608657836914062
2024-05-14,2491.5,11.91714859008789,4.953499794006348,44.88824081420898,53.59042739868164,3.4186699390411377,0.4799999892711639,116.6500015258789,10.6002197265625
2024-05-15,2533.5,11.859437942504885,4.9695000648498535,44.035377502441406,52.32609558105469,3.4658894538879395,0.4799999892711639,116.3000030517578,10.6002197265625
2024-05-16,2529.0,12.013331413269045,4.892000198364258,44.25104141235352,52.44103240966797,3.5414397716522217,0.4850000143051147,116.8499984741211,10.684616088867188
2024-05-17,2533.5,12.167224884033203,5.057000160217285,44.89804458618164,54.45246887207031,3.5508837699890137,0.5199999809265137,117.0199966430664,10.963123321533203
2024-05-20,2557.5,12.215317726135254,5.087500095367432,44.74119567871094,54.05976104736328,3.6736538410186768,0.4900000095367431,117.23999786376952,10.904046058654783
2024-05-21,2651.0,12.18646240234375,5.11899995803833,44.2314338684082,52.96783828735352,3.6830978393554688,0.5149999856948853,117.56999969482422,10.870287895202637
2024-05-22,2568.0,11.75363540649414,4.867499828338623,43.92755126953125,51.55983352661133,3.6830978393554688,0.4900000095367431,117.63999938964844,10.676176071166992
2024-05-23,2550.25,11.686306953430176,4.816500186920166,42.98644256591797,50.31465911865234,3.635878324508667,0.4850000143051147,117.52999877929688,10.617098808288574
2024-05-24,2588.25,11.83058261871338,4.778500080108643,43.417781829833984,51.07134246826172,3.635878324508667,0.4850000143051147,117.66000366210938,10.633978843688965
2024-05-27,,,,,,3.664210081100464,0.4799999892711639,,
2024-05-28,2654.75,11.965239524841309,4.875500202178955,43.162899017333984,50.86061477661133,3.6925415992736816,0.4749999940395355,117.68000030517578,10.431425094604492
2024-05-29,2703.5,11.734399795532228,4.805500030517578,42.5060920715332,50.27634811401367,3.730316877365112,0.4550000131130218,117.73999786376952,10.237312316894531
2024-05-30,2648.0,11.75363540649414,4.671999931335449,42.84920120239258,49.84532165527344,3.7208731174468994,0.4399999976158142,117.62000274658205,10.220434188842772
2024-05-31,2591.5,11.811346054077148,4.610000133514404,42.60413360595703,49.51966094970703,3.749204635620117,0.4550000131130218,117.5199966430664,10.16979694366455
2024-06-03,2601.75,11.820963859558104,4.677000045776367,42.78058242797852,49.069480895996094,3.739760637283325,0.4699999988079071,110.0999984741211,9.97568416595459
2024-06-04,2599.5,11.513176918029783,4.547999858856201,42.8296012878418,48.22659683227539,3.739760637283325,0.4650000035762787,107.69000244140624,9.739373207092283
2024-06-05,2558.25,11.542033195495604,4.619500160217285,43.21191787719727,48.36069488525391,3.635878324508667,0.4550000131130218,107.0199966430664,9.629657745361328
2024-06-06,2592.75,11.638216018676758,4.690999984741211,43.04526519775391,48.02544784545898,3.6547658443450928,0.449999988079071,108.5,9.806889533996582
2024-06-07,2507.75,11.397756576538086,4.494500160217285,41.829681396484375,46.69407272338867,3.6547658443450928,0.4350000023841858,108.4800033569336,9.579019546508787
2024-06-10,2499.5,11.638216018676758,4.55649995803833,41.996337890625,46.82816696166992,,,107.37999725341795,9.621217727661133
2024-06-11,2459.25,11.37851905822754,4.5229997634887695,41.46697235107422,45.879920959472656,3.4658894538879395,0.4300000071525574,106.2699966430664,9.60433864593506
2024-06-12,2496.75,11.28233528137207,4.581500053405762,41.51598739624024,46.07148361206055,3.4375579357147217,0.395000010728836,106.41999816894533,9.384906768798828
2024-06-13,2477.0,11.24386215209961,4.507500171661377,40.58469772338867,44.5581169128418,3.4375579357147217,0.4000000059604645,107.12000274658205,9.553699493408203
2024-06-14,2440.75,11.099587440490724,4.551000118255615,39.90828323364258,43.33209991455078,3.4564454555511475,0.3849999904632568,107.33000183105467,9.50306224822998
2024-06-17,2425.5,10.955312728881836,4.521500110626221,40.212181091308594,43.15011215209961,3.4186699390411377,0.3849999904632568,107.0500030517578,9.418665885925291
2024-06-18,2416.5,11.03225803375244,4.561999797821045,40.388633728027344,43.140533447265625,3.4375579357147217,0.3899999856948852,107.11000061035156,9.435545921325684
2024-06-19,,,,,,3.4564454555511475,0.3849999904632568,,
2024-06-20,2441.75,11.234245300292969,4.618000030517578,39.30049133300781,42.297645568847656,3.494220972061157,0.375,107.1500015258789,9.528382301330566
2024-06-21,2432.25,11.022640228271484,4.49399995803833,38.79073333740234,41.58885192871094,3.513108491897583,0.3650000095367431,106.95999908447266,9.494623184204102
2024-06-24,2423.0,11.11882495880127,4.526999950408936,38.888763427734375,41.59843063354492,3.4375579357147217,0.3449999988079071,106.5500030517578,9.519942283630373
2024-06-25,2421.25,11.013022422790527,4.38100004196167,38.21235656738281,40.8130111694336,3.531996250152588,0.3400000035762787,106.45999908447266,9.36802864074707
2024-06-26,2434.5,11.051495552062988,4.367499828338623,39.36911392211914,42.00071716308594,3.4753332138061523,0.3400000035762787,106.55999755859376,9.40178680419922
2024-06-27,2436.0,10.955312728881836,4.328499794006348,38.8956184387207,41.31108474731445,3.50366473197937,0.3650000095367431,106.51000213623048,9.418665885925291
2024-06-28,2457.25,10.907220840454102,4.390500068664551,38.28402328491211,40.726806640625,3.4564454555511475,0.3549999892711639,106.51000213623048,9.427104949951172
2024-07-01,2444.25,11.17653465270996,4.426499843597412,38.45172119140625,41.157833099365234,3.50366473197937,0.3499999940395355,108.0,9.452423095703123
2024-07-02,2450.0,11.340045928955078,4.429500102996826,38.47145080566406,40.994998931884766,3.522552490234375,0.3350000083446502,110.31999969482422,9.40178680419922
2024-07-03,2483.75,11.676690101623535,4.540999889373779,39.94126129150391,42.38385009765625,3.5697715282440186,0.3400000035762787,113.05999755859376,9.798449516296388
2024-07-04,,,,,,3.635878324508667,0.3350000083446502,,
2024-07-05,2457.5,11.869056701660156,4.6585001945495605,39.55653762817383,42.163551330566406,3.607546806335449,0.3350000083446502,111.30999755859376,9.840649604797363
2024-07-08,2456.25,11.75363540649414,4.622000217437744,39.50721740722656,41.75168228149414,3.494220972061157,0.3199999928474426,110.0199966430664,9.688735008239746
2024-07-09,2420.25,11.676690101623535,4.578000068664551,38.9350814819336,40.83216857910156,3.513108491897583,0.3199999928474426,110.51000213623048,9.75625228881836
2024-07-10,2400.0,11.83058261871338,4.607500076293945,39.43816375732422,41.45475769042969,3.4375579357147217,0.3100000023841858,108.73999786376952,9.680295944213867
2024-07-11,2390.25,11.83058261871338,4.508500099182129,40.30624008178711,42.8244514465332,3.4186699390411377,0.3149999976158142,109.58000183105467,9.612778663635254
2024-07-12,2388.25,11.878674507141112,4.598499774932861,40.85865020751953,43.37998962402344,3.4186699390411377,0.324999988079071,109.58000183105467,9.722495079040527
2024-07-15,2362.0,11.686306953430176,4.52899980545044,39.96097946166992,42.65203857421875,3.4186699390411377,0.3199999928474426,109.66999816894533,9.714055061340332
2024-07-16,2314.5,11.436230659484863,4.443999767303467,40.75014114379883,43.16926956176758,3.371450901031494,0.3100000023841858,109.38999938964844,9.697174072265623
2024-07-17,2313.25,11.407374382019045,4.39900016784668,39.921531677246094,42.249755859375,3.3525631427764893,0.3149999976158142,108.94000244140624,9.460865020751951
2024-07-18,2292.75,11.08996868133545,4.265999794006348,39.55653762817383,41.27276992797852,3.295900344848633,0.3050000071525574,108.7300033569336,9.232992172241213
2024-07-19,2263.5,10.945693969726562,4.218999862670898,39.46775817871094,41.157833099365234,3.2297935485839844,0.324999988079071,108.4499969482422,9.224555015563965
2024-07-22,2210.5,10.97454833984375,4.180500030517578,39.54667663574219,41.08120727539063,2.823708295822144,0.3050000071525574,108.16000366210938,9.21611499786377
2024-07-23,2211.5,10.714853286743164,4.145999908447266,38.619415283203125,40.180850982666016,2.814264297485352,0.3000000119209289,107.79000091552734,9.089519500732422
2024-07-24,2219.0,10.599432945251465,4.098999977111816,37.44554138183594,39.05060958862305,2.795376777648926,0.3000000119209289,107.47000122070312,9.005122184753418
2024-07-25,2188.0,10.618669509887695,4.112500190734863,37.86971664428711,39.37627410888672,2.748157501220703,0.2649999856948852,107.13999938964844,9.030441284179688
2024-07-26,2212.0,10.676380157470703,4.104499816894531,38.46158981323242,40.21916198730469,2.814264297485352,0.2649999856948852,106.86000061035156,9.165475845336914
2024-07-29,2163.5,10.464776039123535,4.061999797821045,37.919036865234375,39.46247863769531,2.8520395755767822,0.270000010728836,106.58999633789062,9.182354927062988
2024-07-30,2125.0,10.26279067993164,4.063000202178955,37.72174835205078,39.13681411743164,2.8425955772399902,0.2599999904632568,106.25,9.022001266479492
2024-07-31,2189.0,10.628288269042969,4.159999847412109,38.63914108276367,40.09464263916016,2.899258613586426,0.2599999904632568,105.94000244140624,9.157036781311035
2024-08-01,2176.25,10.012712478637695,4.066500186920166,37.43567657470703,38.76326370239258,2.9653656482696533,0.2800000011920929,102.83000183105467,8.844767570495605
2024-08-02,2155.0,10.003093719482422,4.084000110626221,36.78462600708008,37.47977828979492,2.8520395755767822,0.25,104.0,8.751933097839355
2024-08-05,2134.75,9.570267677307127,3.983999967575073,35.77845001220703,36.35911560058594,2.682050466537476,0.2399999946355819,104.18000030517578,8.7090425491333
2024-08-06,2181.0,9.541414260864258,4.011499881744385,35.45291519165039,36.34953689575195,2.7009382247924805,0.2399999946355819,102.86000061035156,8.840335845947266
2024-08-07,2177.25,9.685688018798828,3.9375,35.196441650390625,36.36869430541992,2.7198262214660645,0.2399999946355819,101.70999908447266,8.857840538024902
2024-08-08,2167.0,9.820344924926758,3.944999933242798,35.798179626464844,37.25947570800781,2.6726067066192627,0.2300000041723251,100.75,8.901604652404785
2024-08-09,2182.25,9.897293090820312,3.9800000190734863,35.66994094848633,37.02959442138672,2.776489019393921,0.2349999994039535,101.26000213623048,8.989133834838867
2024-08-12,2199.0,10.031949996948242,4.054999828338623,35.038612365722656,36.45489883422852,2.767045259475708,0.2349999994039535,100.66999816894533,8.997885704040527
2024-08-13,2211.0,9.974239349365234,4.035999774932861,35.85736083984375,36.8763427734375,2.795376777648926,0.2199999988079071,100.44000244140624,9.050402641296388
2024-08-14,2211.0,9.897293090820312,4.025000095367432,35.097801208496094,36.14839553833008,2.748157501220703,0.2249999940395355,99.1999969482422,8.892851829528809
2024-08-15,2237.0,10.09927749633789,4.138999938964844,35.86722946166992,37.20200347900391,2.757601261138916,0.2150000035762787,98.5500030517578,8.936616897583008
2024-08-16,2235.5,10.003093719482422,4.127500057220459,35.886959075927734,37.33609771728516,2.814264297485352,0.2300000041723251,97.80999755859376,8.919109344482422
2024-08-19,2308.75,10.243553161621094,4.166500091552734,36.24208068847656,37.95869064331055,2.795376777648926,0.2199999988079071,98.0999984741211,9.199201583862305
2024-08-20,2357.0,10.185843467712402,4.149499893188477,36.00532913208008,37.62344741821289,2.8425955772399902,0.2249999940395355,97.98999786376952,9.08541488647461
2024-08-21,2346.75,10.339736938476562,4.18149995803833,37.2877082824707,39.539100646972656,2.8425955772399902,0.2300000041723251,98.37999725341795,9.312987327575684
2024-08-22,2350.25,10.118515014648438,4.140999794006348,36.43936920166016,38.53338623046875,2.870927095413208,0.2199999988079071,98.19000244140624,9.129178047180176
2024-08-23,2419.5,10.368592262268066,4.194499969482422,37.19892883300781,38.82073211669922,2.861483573913574,0.2199999988079071,98.0500030517578,9.137930870056152
2024-08-26,2412.5,10.387828826904297,4.21150016784668,37.00164031982422,38.83988952636719,2.9181466102600098,0.25,98.3000030517578,9.286727905273438
2024-08-27,2418.25,10.387828826904297,4.230500221252441,36.81421661376953,38.38013458251953,2.9275903701782227,0.2450000047683715,98.4499969482422,9.531807899475098
2024-08-28,2363.0,10.128133773803713,4.144999980926514,36.21248245239258,38.07362747192383,2.908702850341797,0.270000010728836,98.51000213623048,9.356751441955566
2024-08-29,2344.75,10.176224708557127,4.147500038146973,36.89313125610352,38.66748046875,2.9275903701782227,0.2450000047683715,98.62999725341795,9.234210968017578
2024-08-30,2342.5,10.22491455078125,4.144999980926514,37.39622497558594,38.20772171020508,2.9653656482696533,0.2249999940395355,98.6999969482422,9.207953453063965
2024-09-02,,,,,,2.9275903701782227,0.2199999988079071,,
2024-09-03,2294.5,9.69906234741211,4.0320000648498535,36.13357162475586,36.44532012939453,2.9275903701782227,0.2199999988079071,100.5500030517578,8.7528076171875
2024-09-04,2293.0,9.669848442077637,4.019499778747559,36.22234725952149,36.50278854370117,2.8331522941589355,0.2049999982118606,92.93000030517578,8.849087715148926
2024-09-05,2269.5,9.650372505187988,4.077499866485596,36.24208068847656,36.35911560058594,2.870927095413208,0.2000000029802322,91.3000030517578,8.962874412536621
2024-09-06,2258.0,9.319278717041016,4.014500141143799,34.5355224609375,34.80743789672852,2.814264297485352,0.209999993443489,91.61000061035156,8.866593360900879
2024-09-09,2257.5,9.358231544494627,4.084499835968018,34.89064407348633,35.372554779052734,2.8048205375671387,0.2049999982118606,91.76000213623048,8.875348091125488
2024-09-10,2259.5,9.182948112487791,4.040500164031982,34.614437103271484,34.91279983520508,2.823708295822144,0.1949999928474426,91.27999877929688,8.674033164978027
2024-09-11,2300.0,9.280327796936035,4.083000183105469,37.19892883300781,37.41272735595703,2.8425955772399902,0.2000000029802322,92.3000030517578,8.945369720458984
2024-09-12,2334.5,9.504302024841309,4.132999897003174,37.16933822631836,37.48935317993164,2.908702850341797,0.2249999940395355,93.05999755859376,9.07666015625
2024-09-13,2380.0,9.591943740844728,4.175000190734863,36.63665390014648,37.20200347900391,3.012585163116455,0.2199999988079071,92.26000213623048,9.199201583862305
2024-09-16,2437.5,9.708800315856934,4.2129998207092285,36.77475738525391,37.41272735595703,2.99369740486145,0.2249999940395355,91.94000244140624,9.2692232131958
2024-09-17,2430.25,9.679585456848145,4.213500022888184,36.74516296386719,37.47977828979492,3.050360202789306,0.2199999988079071,91.9800033569336,9.260470390319824
2024-09-18,2437.5,9.679585456848145,4.23799991607666,36.31113052368164,37.0391731262207,3.022028923034668,0.2150000035762787,91.56999969482422,9.21670627593994
2024-09-19,2463.25,9.991203308105469,4.285999774932861,37.12001800537109,38.35139846801758,3.0660593509674072,0.2249999940395355,92.02999877929688,9.418020248413086
2024-09-20,2402.25,9.757490158081056,4.281499862670898,36.271671295166016,37.41272735595703,3.0660593509674072,0.2349999994039535,91.93000030517578,9.10291862487793
2024-09-23,2408.0,9.952250480651855,4.289000034332275,36.755027770996094,38.14067459106445,3.0660593509674072,0.2249999940395355,91.5999984741211,9.10291862487793
2024-09-24,2484.5,10.390460968017578,4.429500102996826,38.9350814819336,40.7076530456543,3.190617799758911,0.2450000047683715,91.87999725341795,9.68935775756836
2024-09-25,2451.75,10.351510047912598,4.427999973297119,38.41226196289063,39.62530517578125,3.286432266235352,0.2549999952316284,92.25,9.768133163452148
2024-09-26,2543.0,11.062383651733398,4.580999851226807,40.552852630615234,42.72866439819336,3.382246732711792,0.2549999952316284,92.54000091552734,10.328312873840332
2024-09-27,2579.0,11.062383651733398,4.540999889373779,41.93387985229492,43.561973571777344,3.545131206512451,0.2599999904632568,92.9800033569336,10.319560050964355
2024-09-30,2534.25,11.150025367736816,4.495999813079834,42.999244689941406,44.17498397827149,3.61220121383667,0.25,93.83000183105467,10.223278999328612
2024-10-01,2564.75,11.130550384521484,4.5355000495910645,43.5121955871582,44.39528274536133,3.5163869857788086,0.2549999952316284,108.73999786376952,10.25829029083252
2024-10-02,2580.5,11.101335525512695,4.5960001945495605,44.78471755981445,45.5255241394043,3.5738754272460938,0.3350000083446502,109.29000091552734,10.310806274414062
2024-10-03,2551.25,10.935790061950684,4.501999855041504,43.88704681396485,44.24203109741211,3.583456754684448,0.3050000071525574,108.30999755859376,10.048221588134766
2024-10-04,2583.75,11.081859588623049,4.522500038146973,45.44563293457031,45.65003967285156,3.525968313217163,0.2949999868869781,108.83999633789062,10.021965026855469
2024-10-07,2590.5,11.140287399291992,4.519000053405762,48.30633163452149,48.61930084228516,3.545131206512451,0.3100000023841858,112.38999938964844,10.083234786987305
2024-10-08,2496.25,10.672863960266112,4.412000179290772,46.27424621582031,45.774559020996094,3.449316501617432,0.2899999916553497,106.3000030517578,9.671853065490724
2024-10-09,2463.0,10.672863960266112,4.355000019073486,45.1102409362793,45.879920959472656,3.382246732711792,0.270000010728836,106.52999877929688,9.549311637878418
2024-10-10,2520.75,10.741029739379885,4.385000228881836,45.12010955810547,46.14810943603516,3.458898067474365,0.2949999868869781,105.80999755859376,9.619335174560549
2024-10-11,2569.75,10.760505676269531,4.451499938964844,44.29148864746094,46.425880432128906,3.449316501617432,0.2849999964237213,106.44000244140624,9.698110580444336
2024-10-14,2533.75,10.692339897155762,4.363500118255615,43.43327331542969,45.65961837768555,3.5738754272460938,0.2800000011920929,107.11000061035156,9.715617179870604
2024-10-15,2515.5,10.166486740112305,4.30049991607666,41.924015045166016,44.36655044555664,3.545131206512451,0.2849999964237213,106.62999725341795,9.444278717041016
2024-10-16,2525.25,10.283343315124512,4.331500053405762,42.22981643676758,44.94124603271485,3.5163869857788086,0.2750000059604645,106.1999969482422,9.61058235168457
2024-10-17,2503.75,10.156749725341797,4.286499977111816,41.19403839111328,44.03131484985352,3.61220121383667,0.2649999856948852,105.36000061035156,9.40051555633545
2024-10-18,2566.25,10.322295188903809,4.3460001945495605,42.27913665771485,44.778419494628906,3.545131206512451,0.2549999952316284,105.37000274658205,9.304234504699709
2024-10-21,2541.5,10.283343315124512,4.322999954223633,41.80564498901367,44.27077102661133,3.5355496406555176,0.2599999904632568,105.2300033569336,9.251717567443848
2024-10-22,2574.5,10.322295188903809,4.3480000495910645,42.4665641784668,45.30522155761719,3.468479633331299,0.2549999952316284,104.94000244140624,9.29548168182373
2024-10-23,2612.25,10.000941276550291,4.304500102996826,41.93387985229492,44.4144401550293,3.4972238540649414,0.2450000047683715,104.62000274658205,9.111671447753906
2024-10-24,2597.25,10.049630165100098,4.319499969482422,42.298866271972656,44.49106979370117,3.5355496406555176,0.2450000047683715,104.4000015258789,9.18169403076172
2024-10-25,2629.0,10.127533912658691,4.339499950408936,43.11761474609375,45.19028091430664,3.5547127723693848,0.2899999916553497,104.2300033569336,9.523054122924805
2024-10-28,2590.5,10.205438613891602,4.331999778747559,43.89691162109375,46.291786193847656,3.5738754272460938,0.2849999964237213,104.1500015258789,9.636841773986816
2024-10-29,2606.0,10.23465347290039,4.332499980926514,43.14720916748047,45.78413391113281,3.56429409980774,0.2849999964237213,104.08999633789062,9.531807899475098
2024-10-30,2563.0,10.341771125793455,4.327499866485596,42.74277114868164,44.67305755615234,3.5163869857788086,0.2800000011920929,104.08000183105467,9.461786270141602
2024-10-31,2560.5,10.166486740112305,4.313499927520752,42.77235794067383,44.62516784667969,3.525968313217163,0.3000000119209289,104.08000183105467,9.365503311157228
2024-11-01,2546.25,10.215176582336426,4.347499847412109,43.0880241394043,46.18642425537109,3.56429409980774,0.2899999916553497,102.48999786376952,9.277976036071776
2024-11-04,2560.75,10.215176582336426,4.4070000648498535,43.48260498046875,46.46419143676758,3.5738754272460938,0.2800000011920929,103.91000366210938,9.435526847839355
2024-11-05,2616.75,10.29308032989502,4.450500011444092,44.607154846191406,47.469913482666016,3.593038320541382,0.2899999916553497,105.08999633789062,9.461786270141602
2024-11-06,2548.75,10.049630165100098,4.222499847412109,43.265586853027344,46.26304626464844,3.6026196479797363,0.3000000119209289,104.01000213623048,9.453032493591309
2024-11-07,2654.5,10.507317543029783,4.409999847412109,44.725528717041016,47.43159866333008,3.669689655303955,0.2750000059604645,105.22000122070312,9.811898231506348
2024-11-08,2561.75,9.88408374786377,4.286499977111816,43.77853775024414,45.86076354980469,3.640945434570313,0.2649999856948852,103.81999969482422,9.2692232131958
2024-11-11,2502.5,9.650372505187988,4.210999965667725,46.36302947998047,46.97183990478516,3.545131206512451,0.2599999904632568,103.0999984741211,8.945369720458984
2024-11-12,2471.0,9.29006576538086,4.119500160217285,45.24834442138672,45.71708679199219,3.458898067474365,0.2450000047683715,102.95999908447266,8.72654914855957
2024-11-13,2452.25,9.241374969482422,4.065999984741211,45.75143051147461,46.004432678222656,3.3918280601501465,0.2399999946355819,102.87999725341795,8.656526565551758
2024-11-14,2428.5,9.212162017822266,4.072999954223633,44.12379455566406,44.22287368774414,3.343920946121216,0.2349999994039535,102.22000122070312,8.604009628295898
2024-11-15,2566.75,9.241374969482422,4.051000118255615,43.265586853027344,43.65776062011719,3.40140962600708,0.2249999940395355,101.62999725341795,8.586503982543945
2024-11-18,2535.5,9.436135292053224,4.107999801635742,43.7094841003418,43.93552780151367,3.61220121383667,0.2349999994039535,101.76000213623048,8.77906608581543
2024-11-19,2575.25,9.309541702270508,4.130000114440918,44.597286224365234,44.36655044555664,3.5163869857788086,0.2300000041723251,101.88999938964844,8.77031421661377
2024-11-20,2573.25,9.348493576049805,4.143499851226807,44.66633605957031,44.35697555541992,3.545131206512451,0.2349999994039535,101.9499969482422,8.77906608581543
2024-11-21,2570.5,9.377708435058594,4.11299991607666,44.95240783691406,44.59642791748047,3.5738754272460938,0.2300000041723251,102.0199966430664,8.717796325683594
2024-11-22,2556.0,9.260851860046388,4.073999881744385,44.360538482666016,44.15582656860352,3.669689655303955,0.2249999940395355,101.9499969482422,8.77031421661377
2024-11-25,2580.75,9.484825134277344,4.09149980545044,44.87349319458008,44.40486526489258,3.583456754684448,0.2199999988079071,102.01000213623048,8.81407642364502
2024-11-26,2555.25,9.212162017822266,4.039000034332275,43.33463668823242,43.18842315673828,3.621782302856445,0.2150000035762787,102.05999755859376,8.665278434753418
2024-11-27,2556.5,9.251112937927246,4.066999912261963,44.04487991333008,43.9163703918457,3.61220121383667,0.2300000041723251,102.16999816894533,8.639020919799805
2024-11-28,,,,,,3.583456754684448,0.2199999988079071,,
2024-11-29,2562.0,9.358231544494627,4.08050012588501,44.09419631958008,44.01215744018555,3.56429409980774,0.2199999988079071,102.44000244140624,8.630268096923828
2024-12-02,2559.0,9.319278717041016,4.075500011444092,44.5479621887207,44.0600471496582,3.525968313217163,0.2249999940395355,105.31999969482422,8.568999290466309
2024-12-03,2590.5,9.358231544494627,4.145999908447266,43.76866912841797,44.43359756469727,3.468479633331299,0.2199999988079071,106.08000183105467,8.472718238830566
2024-12-04,2625.25,9.260851860046388,4.142000198364258,42.76249313354492,42.92023468017578,3.449316501617432,0.25,106.29000091552734,8.323920249938965
2024-12-05,2614.25,9.309541702270508,4.135000228881836,42.75263214111328,42.02945709228516,3.545131206512451,0.2549999952316284,106.29000091552734,8.411447525024414
2024-12-06,2549.0,9.270589828491213,4.138500213623047,43.58124542236328,41.93367004394531,3.4780609607696533,0.2399999946355819,104.11000061035156,8.192626953125
2024-12-09,2524.5,9.679585456848145,4.223499774932861,45.21875,43.33209991455078,3.449316501617432,0.2399999946355819,106.33999633789062,8.621516227722168
2024-12-10,2518.25,9.523777961730955,4.223499774932861,43.44314193725586,42.32637786865234,3.525968313217163,0.2450000047683715,105.62999725341795,8.647773742675781
2024-12-11,2535.0,9.543253898620604,4.214000225067139,43.67988586425781,42.03903198242188,3.3726651668548584,0.2649999856948852,105.5199966430664,8.604009628295898
2024-12-12,2535.5,9.270589828491213,4.195000171661377,43.80813217163086,41.80915451049805,3.296013593673706,0.1899999976158142,105.48999786376952,8.366358757019043
2024-12-13,2521.25,9.056352615356444,4.14900016784668,43.166934967041016,40.937530517578125,3.257688045501709,0.1800000071525573,105.30999755859376,8.180831909179688
2024-12-16,2488.75,9.007662773132324,4.143499851226807,42.94005584716797,40.28620910644531,3.228943586349488,0.1850000023841858,105.41000366210938,8.039480209350586
2024-12-17,2464.0,8.900545120239258,4.09149980545044,42.861141204833984,40.0659065246582,3.257688045501709,0.1800000071525573,105.58000183105467,8.118989944458008
2024-12-18,2467.0,8.657094955444336,4.099999904632568,41.40119934082031,38.87820053100586,3.238525152206421,0.1800000071525573,104.7300033569336,7.721433162689209
2024-12-19,2448.25,8.569452285766602,4.020500183105469,41.332149505615234,38.677059173583984,3.219362258911133,0.1749999970197677,104.08000183105467,7.756772041320801
2024-12-20,2481.0,8.559714317321777,4.040999889373779,41.588623046875,38.677059173583984,3.2001993656158447,0.1749999970197677,103.83999633789062,7.86278772354126
2024-12-23,2477.25,8.647356986999512,4.0229997634887695,41.57876205444336,39.04729843139648,3.2672696113586426,0.1800000071525573,103.83999633789062,7.898125171661377
2024-12-24,2532.0,8.70578384399414,4.049499988555908,42.1607666015625,39.60708618164063,3.2672696113586426,0.1800000071525573,104.08000183105467,7.898125171661377
2024-12-26,2507.0,8.657094955444336,4.072000026702881,41.77604675292969,39.57762145996094,,,104.08000183105467,7.915794849395752
2024-12-27,2530.0,8.637618064880371,4.0625,41.40119934082031,39.22407150268555,3.257688045501709,0.1800000071525573,103.9000015258789,7.880456924438477
2024-12-30,2545.25,8.530500411987305,4.045499801635742,41.10434722900391,38.65447235107422,3.257688045501709,0.1899999976158142,103.77999877929688,7.827448844909668
2024-12-31,2521.75,8.501286506652832,3.986000061035156,40.35231399536133,38.31074142456055,3.257688045501709,0.2049999982118606,103.61000061035156,7.836283206939697
2025-01-02,2498.25,8.637618064880371,3.9885001182556152,39.69923400878906,38.68393325805664,3.3151769638061523,0.2150000035762787,100.61000061035156,7.845118522644043
2025-01-03,2458.0,8.696046829223633,4.039500236511231,40.25336456298828,39.302642822265625,3.3151769638061523,0.209999993443489,99.44000244140624,7.624253749847412
2025-01-06,2469.25,8.8031644821167,4.126999855041504,40.52053451538086,40.471309661865234,3.257688045501709,0.2150000035762787,99.44000244140624,7.615419387817383
2025-01-07,2491.75,8.715521812438965,4.1605000495910645,40.649173736572266,40.707008361816406,3.257688045501709,0.2199999988079071,97.83999633789062,7.562411785125732
2025-01-08,2467.0,8.70578384399414,4.227499961853027,40.203887939453125,40.08829879760742,3.2672696113586426,0.2199999988079071,97.73999786376952,7.509403705596924
2025-01-09,2507.5,,4.2795000076293945,,,3.238525152206421,0.2150000035762787,98.08999633789062,
2025-01-10,2549.25,8.491548538208008,4.274499893188477,39.352909088134766,39.56780242919922,3.257688045501709,0.2249999940395355,98.08999633789062,7.509403705596924
2025-01-13,2568.5,8.559714317321777,4.295499801635742,40.10493469238281,40.31417846679688,3.228943586349488,0.2399999946355819,98.72000122070312,7.518238544464111
2025-01-14,2571.75,8.725260734558105,4.310500144958496,40.73822021484375,40.88378143310547,3.276850700378418,0.2349999994039535,99.98999786376952,7.615419387817383
2025-01-15,2608.25,8.78368854522705,4.359499931335449,41.43088150024414,41.82657241821289,3.276850700378418,0.2450000047683715,100.1999969482422,7.739103317260742
2025-01-16,2655.5,8.988186836242676,4.4105000495910645,41.18350601196289,41.63998031616211,3.343920946121216,0.2399999946355819,100.48999786376952,7.747938632965088
2025-01-17,2686.75,8.939497947692871,4.337500095367432,41.83658218383789,42.07209396362305,3.3343396186828613,0.2599999904632568,101.20999908447266,7.898125171661377
2025-01-20,,,,,,3.363083839416504,0.2549999952316284,,
2025-01-21,2663.5,9.134257316589355,4.310999870300293,41.75742721557617,41.76764678955078,3.430153608322144,0.2549999952316284,101.20999908447266,7.933464050292969
2025-01-22,2638.5,8.939497947692871,4.271500110626221,41.143924713134766,41.03108978271485,3.4109909534454346,0.25,101.4000015258789,7.836283206939697
2025-01-23,2634.5,8.978448867797852,4.299499988555908,40.85696792602539,40.85431671142578,3.382246732711792,0.2300000041723251,101.33999633789062,7.853952407836914
2025-01-24,2657.75,9.04661464691162,4.289999961853027,41.05487060546875,40.97216796875,3.3918280601501465,0.2300000041723251,101.33999633789062,7.933464050292969
2025-01-27,2602.75,8.78368854522705,4.203499794006348,40.57990264892578,40.72665023803711,,,101.33999633789062,8.092486381530762
2025-01-28,2563.0,8.569452285766602,4.2204999923706055,40.24346923828125,40.14722442626953,3.228943586349488,0.2249999940395355,101.3000030517578,7.977636814117432
2025-01-29,2612.25,8.306526184082031,4.257500171661377,40.36220932006836,40.21597290039063,3.152292251586914,0.2300000041723251,101.33000183105467,8.012975692749023
2025-01-30,2618.75,8.58892822265625,4.288000106811523,40.678855895996094,40.32400131225586,3.219362258911133,0.2199999988079071,101.33000183105467,8.295681953430176
2025-01-31,2586.0,8.40390682220459,4.26200008392334,40.06536102294922,39.88206481933594,3.219362258911133,0.2300000041723251,101.58999633789062,8.20733642578125
2025-02-03,2617.0,8.189669609069824,4.294000148773193,39.21437454223633,39.489234924316406,3.171455144882202,0.2300000041723251,105.0199966430664,8.269179344177246
2025-02-04,2631.0,8.413644790649414,4.34250020980835,39.92682647705078,40.48113250732422,3.238525152206421,0.2300000041723251,105.4000015258789,8.331021308898926
2025-02-05,2601.5,8.452596664428711,4.434500217437744,39.94661331176758,40.36328125,3.3055953979492188,0.2349999994039535,104.80999755859376,8.278013229370117
2025-02-06,2620.75,8.511024475097656,4.453499794006348,40.70854187011719,40.84449768066406,3.324758052825928,0.2349999994039535,106.2300033569336,8.490042686462402
2025-02-07,2623.75,8.627880096435547,4.581500053405762,40.70854187011719,40.716827392578125,3.3535025119781494,0.2450000047683715,106.37000274658205,8.366358757019043
2025-02-10,2636.25,8.627880096435547,4.700500011444092,40.58980178833008,40.6873664855957,3.296013593673706,0.2399999946355819,106.97000122070312,8.445871353149414
2025-02-11,2620.75,8.44285774230957,4.5945000648498535,39.8377685546875,40.20615005493164,3.286432266235352,0.25,106.31999969482422,8.454705238342285
2025-02-12,2587.5,8.32600212097168,4.697999954223633,40.99549865722656,40.59897994995117,3.286432266235352,0.2399999946355819,107.26000213623048,8.445871353149414
2025-02-13,2571.75,8.433119773864746,4.769000053405762,41.88606262207031,41.315895080566406,3.420572519302368,0.25,106.7699966430664,8.454705238342285
2025-02-14,2612.25,8.58892822265625,4.656499862670898,41.895957946777344,40.471309661865234,3.4972238540649414,0.2450000047683715,106.83000183105467,8.622562408447266
2025-02-17,,,,,,3.5355496406555176,0.25,,
2025-02-18,2638.25,8.520761489868164,4.585000038146973,41.91574478149414,40.48113250732422,3.5163869857788086,0.2450000047683715,106.73999786376952,8.666735649108887
2025-02-19,2652.5,7.985170841217041,4.557000160217285,41.79700469970703,40.18650436401367,3.506805419921875,0.2399999946355819,106.76000213623048,8.60489273071289
2025-02-20,2692.25,8.03386116027832,4.607999801635742,42.39070892333984,41.2569694519043,3.5547127723693848,0.2349999994039535,107.0,8.967111587524414
2025-02-21,2694.0,7.809887886047363,4.559999942779541,42.143333435058594,40.49095153808594,3.583456754684448,0.2450000047683715,107.12999725341795,8.93177318572998
2025-02-24,2620.25,7.693031311035156,4.517000198364258,41.80690002441406,40.098121643066406,3.5163869857788086,0.2399999946355819,107.19000244140624,8.808088302612305
2025-02-25,2585.5,7.75145959854126,4.486000061035156,41.3121452331543,39.82313919067383,3.4972238540649414,0.2399999946355819,107.16999816894533,8.737412452697754
2025-02-26,2597.25,7.819624900817871,4.541999816894531,41.55952072143555,39.83296203613281,3.458898067474365,0.2300000041723251,107.1500015258789,8.622562408447266
2025-02-27,2596.25,7.712507247924805,4.579999923706055,41.36161804199219,39.60708618164063,3.487642526626587,0.2249999940395355,107.06999969482422,8.507713317871094
2025-02-28,2561.5,7.722244739532471,4.514500141143799,40.31274032592773,39.09640502929688,3.3726651668548584,0.2150000035762787,106.9000015258789,8.331021308898926
2025-03-03,2567.75,7.86831521987915,4.576499938964844,40.14451599121094,38.56608581542969,3.4780609607696533,0.2300000041723251,100.80999755859376,8.295681953430176
2025-03-04,2575.75,7.809887886047363,4.527500152587891,39.87734603881836,38.890167236328125,3.3726651668548584,0.2300000041723251,101.61000061035156,8.269179344177246
2025-03-05,2610.0,8.10202693939209,4.766499996185303,40.39189910888672,40.77575302124024,3.363083839416504,0.2300000041723251,100.72000122070312,8.569555282592773
2025-03-06,2656.75,8.131241798400879,4.77899980545044,40.540321350097656,40.9525260925293,3.542109251022339,0.2349999994039535,101.23999786376952,8.640231132507324
2025-03-07,2661.5,8.06307601928711,4.683000087738037,40.3226318359375,41.119476318359375,3.4934537410736084,0.2300000041723251,101.29000091552734,8.746246337890625
2025-03-10,2651.0,7.809887886047363,4.639500141143799,39.43206787109375,40.049015045166016,3.512916088104248,0.2399999946355819,100.98999786376952,8.482766151428223
2025-03-11,2649.0,7.897529125213623,4.739999771118164,39.56070327758789,40.36328125,3.4934537410736084,0.2399999946355819,101.0500030517578,8.629653930664062
2025-03-12,2648.75,7.809887886047363,4.821000099182129,39.73881912231445,40.15704345703125,3.483722686767578,0.2450000047683715,101.44000244140624,8.510309219360352
2025-03-13,2645.25,7.839101791381836,4.898499965667725,39.43206787109375,40.54005432128906,3.4350674152374268,0.2750000059604645,102.16000366210938,8.648015975952148
2025-03-14,2624.5,8.10202693939209,4.869500160217285,40.41168594360352,42.032806396484375,3.4350674152374268,0.2800000011920929,102.8499984741211,9.006054878234863
2025-03-17,2633.25,8.072813987731934,4.933499813079834,41.16371536254883,43.32914733886719,3.5031850337982178,0.2899999916553497,102.31999969482422,9.25392723083496
2025-03-18,2596.75,7.985170841217041,4.993000030517578,41.05487060546875,43.702335357666016,3.512916088104248,0.2849999964237213,102.41999816894533,9.345731735229492
2025-03-19,2604.0,7.936480522155762,5.076000213623047,41.04497528076172,43.48627853393555,3.512916088104248,0.3149999976158142,102.11000061035156,9.35491180419922
2025-03-20,2597.5,7.790411472320557,5.085000038146973,40.570011138916016,42.297969818115234,3.5226471424102783,0.3050000071525574,102.1500015258789,9.30901050567627
2025-03-21,2553.5,7.488533020019531,5.087500095367432,39.97630310058594,41.81675338745117,3.4350674152374268,0.2949999868869781,102.0,9.244747161865234
2025-03-24,2538.5,7.585912704467773,5.064000129699707,40.37210464477539,41.689083099365234,3.3961431980133057,0.2649999856948852,102.20999908447266,9.12540054321289
2025-03-25,2526.75,7.634603023529053,5.183000087738037,40.22367858886719,41.67926025390625,3.415605306625366,0.2649999856948852,102.18000030517578,9.263108253479004
2025-03-26,2533.5,7.585912704467773,5.216000080108643,39.887245178222656,41.17840576171875,3.415605306625366,0.2399999946355819,102.25,9.299830436706545
2025-03-27,2479.0,7.4593186378479,5.097499847412109,39.82787322998047,41.06055450439453,3.376681089401245,0.2549999952316284,102.36000061035156,9.336551666259766
2025-03-28,2459.5,7.313249111175537,5.112500190734863,38.95709991455078,40.14722442626953,3.279370069503784,0.25,102.43000030517578,9.217205047607422
2025-03-31,2432.25,7.118488311767578,5.019999980926514,38.39308166503906,38.8214225769043,3.13340425491333,0.2399999946355819,102.51000213623048,9.162121772766112
2025-04-01,2400.5,7.108750343322754,5.019000053405762,38.205074310302734,38.8214225769043,3.1236732006073,0.2349999994039535,102.20999908447266,9.27228832244873
2025-04-02,2366.5,7.1282267570495605,5.023499965667725,38.214969635009766,38.271461486816406,3.036093473434448,0.2249999940395355,104.25,9.263108253479004
2025-04-03,2296.25,6.602374076843262,4.810999870300293,36.68122482299805,36.88673782348633,2.890127658843994,0.2249999940395355,104.18000030517578,8.932609558105469
2025-04-04,2209.5,5.842808246612549,4.384500026702881,34.55377197265625,34.038719177246094,2.734430313110352,0.209999993443489,102.63999938964844,8.3358793258667
2025-04-07,2199.25,5.687000274658203,4.169000148773193,32.46590042114258,33.41019058227539,2.5203468799591064,0.2000000029802322,100.8499984741211,8.106367111206055
2025-04-08,2190.75,5.745428085327148,4.127500057220459,31.486284255981445,32.06475067138672,2.578733444213867,0.2000000029802322,99.25,7.58307933807373
2025-04-09,2166.25,6.407613277435303,4.17549991607666,34.642826080322266,36.07161331176758,2.4522294998168945,0.1949999928474426,99.0500030517578,8.13390827178955
2025-04-10,2251.0,6.154425144195557,4.321000099182129,33.92048263549805,34.86366271972656,2.6857750415802,0.2150000035762787,99.88999938964844,8.17063045501709
2025-04-11,2300.0,6.641325950622559,4.507500171661377,35.1177978515625,35.84573745727539,2.6663131713867188,0.2199999988079071,99.9499969482422,8.46440601348877
2025-04-14,2306.75,6.660801887512207,4.610499858856201,35.51360321044922,36.94565963745117,2.7246992588043213,0.2349999994039535,100.08000183105467,8.510309219360352
2025-04-15,2317.5,6.524469375610352,4.611000061035156,35.17716598510742,36.18946075439453,2.714968204498291,0.2300000041723251,100.19000244140624,8.381781578063965
2025-04-16,2310.5,6.534207344055176,4.673999786376953,34.603248596191406,36.31713104248047,2.598195552825928,0.2300000041723251,100.08000183105467,8.262434959411621
2025-04-17,2307.5,6.612111568450928,4.731500148773193,34.69230651855469,36.49390411376953,2.6176576614379883,0.2300000041723251,100.0500030517578,8.363419532775879
2025-04-21,2330.5,6.602374076843262,4.7210001945495605,34.6329345703125,36.06179428100586,,,99.91999816894533,8.372601509094238
2025-04-22,2303.25,6.670539379119873,4.870500087738037,35.09800720214844,36.4251594543457,2.539808988571167,0.2300000041723251,99.87999725341795,8.666376113891602
2025-04-23,2345.75,6.85556173324585,4.8354997634887695,35.59276580810547,36.56265258789063,2.578733444213867,0.2399999946355819,100.08999633789062,8.767361640930176
2025-04-24,2390.0,6.95294189453125,4.849999904632568,36.34478759765625,38.065223693847656,2.637119770050049,0.2549999952316284,99.9800033569336,8.950970649719238
2025-04-25,2351.25,6.943204402923584,4.8354997634887695,36.5921630859375,37.72150039672852,,,99.91999816894533,8.72145938873291
2025-04-28,2347.5,6.923727989196777,4.8379998207092285,36.22604751586914,37.358131408691406,2.637119770050049,0.2450000047683715,99.91000366210938,8.813263893127441
2025-04-29,2354.0,6.865300178527832,4.822999954223633,36.394264221191406,37.65275573730469,2.7052371501922607,0.2599999904632568,99.86000061035156,8.813263893127441
2025-04-30,2292.75,6.3102335929870605,4.559999942779541,36.25573348999024,37.13225555419922,2.67604398727417,0.25,99.76000213623048,8.547030448913574
2025-05-01,2293.25,6.397875785827637,4.580999851226807,36.097412109375,36.77870941162109,2.6663131713867188,0.2450000047683715,99.25,8.482766151428223
2025-05-02,2307.75,6.506649017333984,4.627500057220459,37.077030181884766,37.51526641845703,2.753892660140991,0.2450000047683715,98.19000244140624,8.602112770080566
2025-05-05,2306.75,6.575868606567383,4.65500020980835,36.74059295654297,37.210819244384766,2.7246992588043213,0.2849999964237213,97.41000366210938,8.547030448913574
2025-05-06,2310.25,6.476983547210693,4.735000133514404,36.9088134765625,37.74114227294922,2.763623714447021,0.2849999964237213,98.62999725341795,8.547030448913574
2025-05-07,2269.75,6.565979957580566,4.616499900817871,36.374473571777344,37.633113861083984,2.773354768753052,0.2899999916553497,99.33000183105467,8.46440601348877
2025-05-08,2294.25,6.61542272567749,4.560999870300293,37.03744888305664,37.9080924987793,2.744161367416382,0.3050000071525574,98.2300033569336,8.537849426269531
2025-05-09,2309.25,6.595645904541016,4.611000061035156,37.27492904663086,38.222354888916016,2.714968204498291,0.3149999976158142,98.5500030517578,8.59293270111084
2025-05-12,2382.0,6.941744327545166,4.578499794006348,38.60087585449219,38.95891189575195,2.7928168773651123,0.3600000143051147,99.75,8.813263893127441
2025-05-13,2400.75,7.050518035888672,4.68149995803833,38.77898788452149,39.21425247192383,2.948513984680176,0.3700000047683716,99.51000213623048,9.070317268371582
2025-05-14,2457.25,7.149403095245361,4.611000061035156,38.82846832275391,39.05712127685547,2.9095897674560547,0.3849999904632568,100.75,8.987693786621094
2025-05-15,2403.5,7.090072154998779,4.644499778747559,38.33370971679688,38.95891189575195,2.8998587131500244,0.4099999964237213,100.41999816894533,9.006054878234863
2025-05-16,2389.75,6.971409797668457,4.555500030517578,38.175392150878906,38.60536956787109,2.880396604537964,0.4000000059604645,100.08000183105467,8.99687385559082
2025-05-19,2355.25,6.951632976531982,4.633500099182129,37.79937362670898,37.46616363525391,2.860934495925904,0.3799999952316284,100.0,9.024415016174316
2025-05-20,2372.25,7.139514446258545,4.619500160217285,37.82905960083008,37.426876068115234,2.9777071475982666,0.3650000095367431,100.0500030517578,8.97851276397705
2025-05-21,2374.25,6.981297969818115,4.638000011444092,37.47283554077149,36.25820541381836,2.997169256210327,0.3350000083446502,100.0500030517578,8.859166145324707
2025-05-22,2350.25,7.050518035888672,4.648499965667725,37.2155647277832,36.60193634033203,3.0069003105163574,0.324999988079071,99.88999938964844,8.794902801513672
2025-05-23,2357.5,7.238399982452393,4.80649995803833,37.126502990722656,36.876914978027344,2.948513984680176,0.3149999976158142,99.80999755859376,8.813263893127441
2025-05-26,,,,,,2.9679760932922363,0.3050000071525574,,
2025-05-27,2373.5,7.307619571685791,4.710000038146973,36.96818542480469,36.37605667114258,3.0069003105163574,0.3199999928474426,99.4800033569336,8.758180618286133
2025-05-28,2358.25,7.218623161315918,4.644000053405762,36.52289962768555,35.87519836425781,2.987438201904297,0.3100000023841858,99.38999938964844,8.602112770080566
2025-05-29,2344.25,7.386727333068848,4.653500080108643,36.64164352416992,36.16982269287109,2.958244800567627,0.3100000023841858,99.2699966430664,8.666376113891602
2025-05-30,2348.5,7.525166988372803,4.652500152587891,35.78076934814453,35.81627655029297,2.9679760932922363,0.3050000071525574,99.12000274658205,8.381781578063965
2025-06-02,2381.75,7.614163398742676,4.834499835968018,35.54328155517578,35.39398193359375,2.860934495925904,0.270000010728836,95.9499969482422,8.510309219360352
2025-06-03,2371.0,7.525166988372803,4.809500217437744,35.91930389404297,36.10107421875,2.8706655502319336,0.2649999856948852,95.3000030517578,8.547030448913574
2025-06-04,2390.75,7.703160285949707,4.864500045776367,36.78017425537109,37.26974487304688,2.938782930374145,0.2800000011920929,96.26000213623048,8.583752632141113
2025-06-05,2404.0,7.802045822143555,4.91349983215332,36.77028274536133,38.42859649658203,2.938782930374145,0.2849999964237213,95.6999969482422,8.72145938873291
2025-06-06,2365.75,7.653717517852783,4.829999923706055,36.82965469360352,38.07504653930664,2.938782930374145,0.2750000059604645,96.18000030517578,8.712278366088867
2025-06-09,2394.75,7.752603054046631,4.9095001220703125,37.18587493896485,39.135684967041016,,,95.62000274658205,8.794902801513672
2025-06-10,2419.25,7.693272113800049,4.883999824523926,37.354095458984375,39.39102935791016,2.958244800567627,0.2800000011920929,95.47000122070312,8.86834716796875
2025-06-11,2443.0,7.673495292663574,4.801000118255615,37.57178497314453,39.15532684326172,2.9777071475982666,0.2849999964237213,95.77999877929688,8.822443962097168
2025-06-12,2439.75,7.703160285949707,4.821499824523926,37.205665588378906,39.037479400634766,2.9290518760681152,0.2849999964237213,95.45999908447266,8.758180618286133
2025-06-13,2436.0,7.792157173156738,4.802999973297119,36.54269409179688,38.92945098876953,2.860934495925904,0.270000010728836,95.37999725341795,8.684737205505371
2025-06-16,2441.0,7.732826232910156,4.826499938964844,36.701019287109375,39.52851867675781,2.919320821762085,0.2649999856948852,95.2300033569336,9.015233993530272
2025-06-17,2479.5,7.584498405456543,4.80049991607666,36.23594284057617,39.489234924316406,2.938782930374145,0.2649999856948852,94.86000061035156,8.583752632141113
2025-06-18,2503.75,7.663606643676758,4.84499979019165,36.32499694824219,39.459774017333984,2.8998587131500244,0.2599999904632568,94.70999908447266,8.537849426269531
2025-06-19,,,,,,2.822010040283203,0.2750000059604645,,
2025-06-20,2470.75,7.554832458496094,4.826000213623047,35.85993194580078,38.04558563232422,2.8025481700897217,0.2800000011920929,94.7699966430664,8.31751823425293
2025-06-23,2528.5,7.643829345703125,4.8429999351501465,36.44374465942383,38.34020614624024,2.773354768753052,0.25,94.75,8.42768383026123
2025-06-24,2507.75,7.376839160919189,4.867000102996826,37.81916427612305,39.08658218383789,2.841472148895264,0.25,94.62999725341795,8.455224990844727
2025-06-25,2497.25,7.347173690795898,4.913000106811523,37.720211029052734,39.253536224365234,2.763623714447021,0.25,94.5199966430664,8.31751823425293
2025-06-26,2510.5,7.782268524169922,5.065499782562256,38.34360504150391,40.79539489746094,2.822010040283203,0.2549999952316284,94.4800033569336,8.693917274475098
2025-06-27,2507.5,7.703160285949707,5.06850004196167,38.271114349365234,40.49095153808594,2.860934495925904,0.2599999904632568,94.48999786376952,8.941790580749512
2025-06-30,2515.25,7.693272113800049,5.03000020980835,38.13209533691406,39.85260391235352,2.8317410945892334,0.2549999952316284,94.47000122070312,8.914249420166016
2025-07-01,2518.25,7.881153583526611,5.047999858856201,38.14202499389648,39.60708618164063,2.890127658843994,0.2549999952316284,93.41000366210938,9.015233993530272
2025-07-02,2530.0,8.237140655517578,5.14900016784668,38.71797943115234,40.932884216308594,3.036093473434448,0.2549999952316284,95.12999725341795,9.43753719329834
2025-07-03,2524.75,8.227252006530762,5.0970001220703125,39.47267150878906,41.109657287597656,3.113942146301269,0.2649999856948852,96.23999786376952,9.382454872131348
2025-07-04,,,5.018499851226807,,,3.036093473434448,0.270000010728836,,
2025-07-07,2467.25,7.900930881500244,4.984499931335449,38.16188430786133,39.88206481933594,3.016631364822388,0.2649999856948852,95.22000122070312,9.12540054321289
2025-07-08,2469.5,8.13825511932373,5.644999980926514,39.42302322387695,41.80693054199219,2.958244800567627,0.2750000059604645,95.5500030517578,9.171302795410156
2025-07-09,2486.25,8.009705543518066,5.44350004196167,39.135047912597656,41.18822479248047,2.938782930374145,0.2649999856948852,95.31999969482422,9.051956176757812
2025-07-10,2504.5,8.266805648803711,5.547999858856201,39.9791145324707,44.762977600097656,2.958244800567627,0.2849999964237213,96.76000213623048,9.14376163482666
2025-07-11,2491.25,8.306360244750977,5.561999797821045,39.89967346191406,45.50935363769531,3.026362419128418,0.2849999964237213,96.70999908447266,9.30901050567627
2025-07-14,2470.25,8.207475662231445,5.514999866485596,40.26708984375,46.27537155151367,2.8706655502319336,0.3050000071525574,96.76000213623048,9.088678359985352
2025-07-15,2447.5,8.13825511932373,5.546000003814697,39.66134643554688,46.51107025146485,2.890127658843994,0.2949999868869781,96.5,8.89588737487793
2025-07-16,2433.25,8.158032417297363,5.496500015258789,39.45281219482422,46.63874053955078,2.8025481700897217,0.2949999868869781,97.05999755859376,8.97851276397705
2025-07-17,2428.75,8.059146881103516,5.486000061035156,41.13102340698242,48.35737228393555,2.773354768753052,0.2899999916553497,97.18000030517578,9.006054878234863
2025-07-18,2507.25,8.029481887817383,5.578000068664551,41.85593032836914,49.89923095703125,2.812278985977173,0.3650000095367431,97.22000122070312,8.969332695007324
2025-07-21,2552.0,8.256917953491211,5.610499858856201,42.20348739624024,50.59650421142578,2.938782930374145,0.4300000071525574,97.83999633789062,9.299830436706545
2025-07-22,2584.25,8.61290454864502,5.697000026702881,43.6036491394043,52.226749420166016,2.9679760932922363,0.3899999856948852,98.11000061035156,9.520161628723145
2025-07-23,2566.75,8.741456031799316,5.795000076293945,43.16672134399414,51.62768173217773,3.055555820465088,0.3945859968662262,98.2699966430664,9.547701835632324
2025-07-24,2564.25,8.57335090637207,5.776999950408936,44.16967391967773,53.89627456665039,3.036093473434448,0.3898319900035858,98.58000183105467,9.391633987426758
2025-07-25,2546.5,8.454689025878906,5.763500213623047,44.31863021850586,53.93555450439453,2.9679760932922363,0.375569999217987,98.5500030517578,9.1804838180542
2025-07-28,2533.5,8.336026191711426,5.59499979019165,42.95818328857422,52.42316436767578,2.948513984680176,0.3565540015697479,98.66999816894533,9.03359603881836
2025-07-29,2507.0,8.078924179077148,5.603499889373779,42.640419006347656,51.15628433227539,2.919320821762085,0.3613080084323883,98.9800033569336,9.079498291015623
2025-07-30,2502.5,7.871265411376953,5.570000171661377,41.69704818725586,49.643890380859375,2.938782930374145,0.3613080084323883,99.06999969482422,8.840806007385254
2025-07-31,2446.75,7.891042709350586,4.33050012588501,40.694091796875,48.33773040771485,2.860934495925904,0.3613080084323883,99.12000274658205,8.749000549316406
2025-08-01,2432.0,7.831711292266846,4.412499904632568,40.51534652709961,48.4752197265625,2.851203203201294,0.270000010728836,99.56999969482422,8.914249420166016
2025-08-04,2427.0,7.831711292266846,4.414999961853027,41.20053482055664,50.0170783996582,2.860934495925904,0.2849999964237213,100.7699966430664,9.042777061462402
2025-08-05,2432.75,7.881153583526611,4.363999843597412,41.90558242797852,50.66524887084961,2.851203203201294,0.3050000071525574,101.36000061035156,9.061137199401855
2025-08-06,2483.25,7.455947399139404,4.390999794006348,41.91551208496094,50.17420959472656,2.890127658843994,0.2899999916553497,100.91999816894533,9.042777061462402
2025-08-07,2500.0,7.455947399139404,4.378499984741211,42.59076690673828,51.65714263916016,2.890127658843994,0.2899999916553497,101.20999908447266,9.171302795410156
2025-08-08,2501.75,7.653717517852783,4.45550012588501,43.623512268066406,53.80788803100586,2.938782930374145,0.2899999916553497,101.22000122070312,9.382454872131348
2025-08-11,2469.5,7.752603054046631,4.423500061035156,46.04648971557617,56.45949172973633,2.987438201904297,0.3000000119209289,101.95999908447266,9.364093780517578
2025-08-12,2507.75,7.841599464416504,4.508500099182129,45.82802581787109,56.11576461791992,2.9679760932922363,0.2949999868869781,102.41000366210938,9.547701835632324
2025-08-13,2510.5,7.900930881500244,4.48199987411499,46.115997314453125,56.51841354370117,2.9777071475982666,0.2949999868869781,102.02999877929688,9.573345184326172
2025-08-14,2501.5,7.891042709350586,4.464499950408936,45.02367401123047,55.77203750610352,2.822010040283203,0.2899999916553497,101.83000183105467,9.411890029907228
2025-08-15,2480.75,7.989927768707275,4.478000164031982,45.67906951904297,57.25497055053711,2.880396604537964,0.2949999868869781,101.58999633789062,9.421387672424316
2025-08-18,2458.5,7.673495292663574,4.456999778747559,45.937255859375,58.50220489501953,2.851203203201294,0.2949999868869781,101.62000274658205,9.316917419433594
2025-08-19,2428.0,7.703160285949707,4.408999919891357,45.07332229614258,57.03891754150391,2.851203203201294,0.2949999868869781,101.56999969482422,9.221942901611328
2025-08-20,2459.75,7.703160285949707,4.426000118255615,44.64632415771485,55.58544158935547,2.7928168773651123,0.2750000059604645,101.5199966430664,9.231440544128418
2025-08-21,2484.5,7.782268524169922,4.43149995803833,44.73569869995117,56.33182144165039,2.8317410945892334,0.2849999964237213,101.56999969482422,9.316917419433594
2025-08-22,2505.25,7.841599464416504,4.447500228881836,46.185508728027344,57.82457733154297,2.763623714447021,0.2800000011920929,101.41999816894533,9.611334800720217
2025-08-25,2527.0,7.772380352020264,4.46649980545044,46.07627868652344,60.132450103759766,2.851203203201294,0.2949999868869781,101.5999984741211,9.658822059631348
2025-08-26,2541.25,7.811934471130371,4.450500011444092,46.03656005859375,58.53166580200195,2.822010040283203,0.2899999916553497,101.52999877929688,9.70630931854248
2025-08-27,2506.0,7.811934471130371,4.414500236511231,46.45362854003906,60.81990432739258,2.8317410945892334,0.3050000071525574,101.58999633789062,9.734800338745115
2025-08-28,2516.25,7.910819530487059,4.463500022888184,46.413909912109375,60.59402847290039,2.6273887157440186,0.2949999868869781,101.70999908447266,9.734800338745115
2025-08-29,2514.75,7.772380352020264,4.518499851226807,47.128883361816406,61.93946838378906,2.646851062774658,0.3000000119209289,101.80999755859376,9.76329231262207
2025-09-01,,,,,,2.6565821170806885,0.2949999868869781,,
2025-09-02,2514.5,7.515278339385986,4.569499969482422,46.48341751098633,59.81818771362305,2.637119770050049,0.2899999916553497,102.52999877929688,9.658822059631348
2025-09-03,2505.5,7.594386577606201,4.558499813079834,46.58271789550781,59.494102478027344,2.559271335601806,0.2849999964237213,103.23999786376952,9.69681167602539
2025-09-04,2488.75,7.56472110748291,4.48799991607666,46.69195175170898,58.36471557617188,2.588464498519897,0.2800000011920929,104.52999877929688,9.744297981262209
2025-09-05,2495.25,7.614163398742676,4.482500076293945,50.20725631713867,59.828006744384766,2.569002389907837,0.2750000059604645,104.48999786376952,9.8772611618042
2025-09-08,2511.0,7.614163398742676,4.490499973297119,51.19034576416016,60.8100814819336,2.578733444213867,0.2750000059604645,104.93000030517578,9.924747467041016
2025-09-09,2516.0,7.999816417694092,4.500999927520752,49.34332275390625,58.78701019287109,2.539808988571167,0.2750000059604645,106.08000183105467,9.829774856567385
2025-09-10,2518.25,7.910819530487059,4.550000190734863,48.45953369140625,56.321998596191406,2.4814226627349854,0.2800000011920929,105.8000030517578,9.972234725952148
2025-09-11,2587.75,7.999816417694092,4.590499877929688,50.02851104736328,57.82457733154297,2.471691608428955,0.270000010728836,105.18000030517578,10.095701217651367
2025-09-12,2583.75,8.088812828063965,4.588500022888184,49.66109085083008,58.11919784545898,2.5203468799591064,0.2649999856948852,105.43000030517578,10.133689880371094
2025-09-15,2591.0,8.237140655517578,4.6554999351501465,51.49818420410156,59.85747146606445,2.539808988571167,0.270000010728836,105.30999755859376,10.285648345947266
2025-09-16,2614.75,8.32613754272461,4.632999897003174,51.48825073242188,59.50392150878906,2.5495400428771973,0.2649999856948852,105.41999816894533,10.361626625061035
2025-09-17,2583.75,8.197587013244629,4.571000099182129,52.20323181152344,59.98514175415039,2.559271335601806,0.2649999856948852,105.3000030517578,10.333134651184082
2025-09-18,2579.0,8.187698364257812,4.540999889373779,52.15358352661133,60.18155288696289,2.548658609390259,0.270000010728836,105.23999786376952,10.29514503479004
2025-09-19,2559.75,8.256917953491211,4.568999767303467,52.48127365112305,60.93775177001953,2.568415641784668,0.270000010728836,105.44000244140624,10.314139366149902
2025-09-22,2530.25,8.523907661437988,4.572999954223633,52.72953414916992,60.67259216308594,2.588172674179077,0.2649999856948852,105.48999786376952,10.314139366149902
2025-09-23,2522.0,8.464577674865723,4.584499835968018,52.7196044921875,60.06370544433594,2.558537244796753,0.2599999904632568,105.48999786376952,10.399616241455078
2025-09-24,2533.5,8.692012786865234,4.752500057220459,54.75530242919922,63.942901611328125,2.558537244796753,0.2399999946355819,105.54000091552734,10.285648345947266
2025-09-25,2551.0,8.761232376098633,4.699999809265137,55.55965042114258,65.76956176757812,2.6276869773864746,0.2599999904632568,105.54000091552734,10.342632293701172
2025-09-26,2544.75,8.870006561279297,4.715499877929688,55.16244125366211,64.66963195800781,2.6276869773864746,0.2549999952316284,105.44000244140624,10.162181854248049
2025-09-29,2583.5,9.038111686706545,4.841000080108643,56.10581207275391,64.36519622802734,2.6276869773864746,0.2599999904632568,105.3499984741211,10.20966911315918
2025-09-30,2594.0,9.097442626953123,4.804999828338623,56.453369140625,64.64017486572266,2.706715106964112,0.2649999856948852,105.29000091552734,10.314139366149902
2025-10-01,2597.5,9.05788803100586,4.83050012588501,57.16835021972656,66.75164031982422,2.7165935039520264,0.2599999904632568,104.0199966430664,10.428108215332031
2025-10-02,2596.5,9.05788803100586,4.8979997634887695,58.02234649658203,68.10689544677734,2.7363505363464355,0.2849999964237213,104.0999984741211,10.46609878540039
2025-10-03,2612.75,9.206216812133787,5.058000087738037,58.46921157836914,72.03519439697266,2.7561075687408447,0.3000000119209289,104.36000061035156,10.4566011428833
2025-10-06,2636.25,9.37432098388672,4.986999988555908,59.17425537109375,72.73246765136719,2.775864601135254,0.3199999928474426,104.4800033569336,10.722526550292969
2025-10-07,2662.0,9.423763275146484,5.047999858856201,58.35004425048828,72.42803192138672,2.894407033920288,0.3400000035762787,104.22000122070312,10.485092163085938
2025-10-08,2681.25,9.384209632873535,5.046000003814697,59.273555755615234,73.21369171142578,2.973435163497925,0.3449999988079071,104.29000091552734,10.54207706451416
2025-10-09,2727.75,9.324878692626951,5.075500011444092,58.7075309753418,73.43956756591797,3.1413700580596924,0.3600000143051147,104.86000061035156,10.475595474243164
2025-10-10,2603.5,8.978779792785645,4.848499774932861,53.5438117980957,68.22474670410156,3.101855993270874,0.4149999916553497,105.73999786376952,10.20966911315918
2025-10-13,2653.5,9.403986930847168,5.100500106811523,57.813812255859375,77.79998016357422,3.022827625274658,0.4300000071525574,106.52999877929688,10.4566011428833
2025-10-14,2636.0,9.245770454406738,4.980500221252441,56.87044143676758,78.291015625,3.1314916610717773,0.5149999856948853,105.25,10.418611526489258
2025-10-15,2643.0,9.275436401367188,4.9720001220703125,56.9399528503418,76.49382019042969,3.171005725860596,0.4699999988079071,105.5500030517578,10.608558654785156
2025-10-16,2686.25,9.196328163146973,4.958000183105469,57.01939392089844,71.54415893554688,3.1512486934661865,0.4449999928474426,105.55999755859376,10.551573753356934
2025-10-17,2683.0,9.127107620239258,4.93149995803833,56.44344329833984,70.18889617919922,3.1808841228485107,0.4149999916553497,105.3499984741211,10.54207706451416
2025-10-20,2689.25,9.245770454406738,4.998000144958496,57.2477912902832,71.200439453125,3.0820987224578857,0.4099999964237213,105.5,10.826997756958008
2025-10-21,2681.25,8.978779792785645,4.929999828338623,56.850582122802734,68.36223602294922,3.220398187637329,0.4050000011920929,105.52999877929688,10.703532218933104
2025-10-22,2708.0,8.909561157226562,4.960999965667725,55.996578216552734,67.48819732666016,3.121613025665283,0.3899999856948852,105.5500030517578,10.940966606140137
2025-10-23,2768.75,9.067776679992676,5.081999778747559,57.83367538452149,69.02022552490234,3.1413700580596924,0.3899999856948852,105.5500030517578,10.883981704711914
2025-10-24,2776.75,9.047999382019045,5.093500137329102,60.60420608520508,72.16287231445312,3.20064115524292,0.3899999856948852,105.41000366210938,10.836495399475098
2025-10-27,2800.25,9.117219924926758,5.140500068664551,58.96572113037109,68.40151977539062,3.20064115524292,0.375,105.56999969482422,10.883981704711914
2025-10-28,2821.5,9.186439514160156,5.140500068664551,59.94881057739258,67.1739273071289,3.121613025665283,0.3600000143051147,105.55999755859376,11.035940170288086
2025-10-29,2829.25,9.572092056274414,5.233500003814697,61.61709213256836,68.1952896118164,3.171005725860596,0.3449999988079071,105.66000366210938,11.235384941101074
2025-10-30,2815.25,9.4336519241333,5.078000068664551,62.70941925048828,70.27728271484375,3.1611270904541016,0.3400000035762787,105.7300033569336,11.29236888885498
2025-10-31,2824.75,9.4336519241333,5.065499782562256,61.88520812988281,69.23628234863281,3.1314916610717773,0.3400000035762787,105.83000183105467,11.48231601715088
2025-11-03,2852.25,9.225993156433104,5.046999931335449,61.05106735229492,65.01335906982422,3.111734628677368,0.3300000131130218,105.83999633789062,11.586787223815918
2025-11-04,2778.25,8.939226150512695,4.926000118255615,58.83662796020508,62.88225936889648,3.022827625274658,0.324999988079071,104.5199966430664,11.339855194091797
2025-11-05,2762.75,9.14688491821289,4.9629998207092285,60.355953216552734,62.6367416381836,2.98331356048584,0.3149999976158142,104.7300033569336,11.691258430480955
2025-11-06,2771.5,9.265546798706056,4.945499897003174,59.78993225097656,62.42068862915039,3.012949228286743,0.3050000071525574,105.08000183105467,11.615279197692873
2025-11-07,2775.0,9.354543685913086,4.938000202178955,60.46518707275391,64.04110717773438,3.022827625274658,0.3000000119209289,103.33999633789062,11.539299964904783
2025-11-10,2803.0,9.483095169067385,5.086999893188477,61.905067443847656,67.90066528320312,3.1512486934661865,0.324999988079071,103.97000122070312,11.681760787963867
2025-11-11,2786.0,9.522648811340332,5.048500061035156,61.34897613525391,67.07572174072266,3.1512486934661865,0.3350000083446502,103.55999755859376,11.71975040435791
2025-11-12,2815.75,9.581979751586914,5.089499950408936,61.875282287597656,67.18375396728516,3.20064115524292,0.3149999976158142,104.16999816894533,11.852712631225586
2025-11-13,2830.0,9.59186840057373,5.087500095367432,63.24564743041992,68.1952896118164,3.2401552200317383,0.3199999928474426,104.0500030517578,11.757740020751951
2025-11-14,2786.5,9.443540573120115,5.049499988555908,63.32509231567383,68.95148468017578,3.1314916610717773,0.3050000071525574,103.9499969482422,11.681760787963867
2025-11-17,2732.25,9.34465503692627,5.0,63.28537368774414,70.7879638671875,3.1413700580596924,0.3100000023841858,104.41999816894533,11.558295249938965
2025-11-18,2684.0,9.097442626953123,4.962500095367432,62.08381652832031,70.39513397216797,3.052463293075561,0.2949999868869781,104.30999755859376,11.558295249938965
2025-11-19,2713.5,9.087553977966309,5.007999897003174,62.70941925048828,72.35928344726562,3.0820987224578857,0.3050000071525574,104.26000213623048,11.510807991027832
2025-11-20,2728.75,8.840340614318848,4.959499835968018,60.89218521118164,69.1184310913086,3.1808841228485107,0.3149999976158142,104.23999786376952,11.320860862731934
2025-11-21,2695.25,8.70190143585205,5.008500099182129,59.8693733215332,67.72389221191406,3.0425846576690674,0.2849999964237213,104.26000213623048,11.48231601715088
2025-11-24,2740.5,8.89967155456543,4.961999893188477,59.88923645019531,67.93994903564453,3.101855993270874,0.2800000011920929,104.41999816894533,11.48231601715088
2025-11-25,2725.0,8.998558044433594,4.999499797821045,60.94183349609375,70.14961242675781,3.111734628677368,0.2899999916553497,104.51000213623048,11.577289581298828
2025-11-26,2790.25,9.117219924926758,5.104499816894531,62.37179183959961,72.21197509765625,3.171005725860596,0.3050000071525574,104.62999725341795,11.881205558776855
2025-11-27,,,,,,3.1808841228485107,0.3000000119209289,,
2025-11-28,2808.0,9.423763275146484,5.185500144958496,63.01725387573242,73.46902465820312,3.1808841228485107,0.3149999976158142,104.83999633789062,11.976179122924805
2025-12-01,2843.25,9.443540573120115,5.218999862670898,62.580326080322266,71.9369888305664,3.2697908878326416,0.3050000071525574,106.94000244140624,12.052157402038574
2025-12-02,2849.75,9.36443328857422,5.160999774932861,62.37179183959961,71.8584213256836,3.299426317214966,0.3000000119209289,107.3499984741211,12.242105484008787
2025-12-03,2867.5,10.046740531921388,5.308000087738037,62.63990783691406,71.69147491455078,3.338940620422364,0.2949999868869781,107.7699966430664,12.631497383117676
2025-12-04,2877.75,10.03685188293457,5.291500091552734,61.79583740234375,69.69786071777344,3.4673612117767334,0.2849999964237213,107.87999725341795,12.878429412841797
2025-12-05,2861.0,9.947855949401855,5.381999969482422,62.41150665283203,70.8567123413086,3.447604179382324,0.2800000011920929,107.23999786376952,12.251602172851562
2025-12-08,2837.25,9.918190002441406,5.364500045776367,63.36481475830078,72.09412384033203,3.3685760498046875,0.2800000011920929,106.41999816894533,12.16612720489502
2025-12-09,2796.25,9.93796730041504,5.240499973297119,63.77195358276367,72.79139709472656,3.32906174659729,0.270000010728836,106.29000091552734,12.15662956237793
2025-12-10,2804.5,10.06651782989502,5.2754998207092285,64.76497650146484,73.09584045410156,3.398211717605591,0.2750000059604645,106.66000366210938,12.337079048156738
2025-12-11,2825.0,10.115960121154783,5.427000045776367,64.67559814453125,73.64579772949219,3.3883330821990967,0.2649999856948852,106.20999908447266,12.621999740600586
2025-12-12,2788.0,9.908302307128906,5.2835001945495605,63.42439270019531,71.16114807128906,3.516753911972046,0.2899999916553497,106.0500030517578,12.6899995803833
2025-12-15,2763.5,10.007186889648438,5.338500022888184,63.16621017456055,69.36395263671875,3.4673612117767334,0.2800000011920929,106.0999984741211,12.770000457763672
2025-12-16,2775.75,9.848970413208008,5.287000179290772,62.550537109375,68.81399536132812,3.398211717605591,0.2750000059604645,106.36000061035156,12.720000267028809
2025-12-17,2816.0,9.99729824066162,5.363500118255615,63.17613983154297,70.36567687988281,3.3685760498046875,0.2800000011920929,106.61000061035156,12.789999961853027
2025-12-18,2823.75,10.125848770141602,5.366499900817871,63.3747444152832,70.79778289794922,3.3586976528167725,0.270000010728836,106.9000015258789,12.770000457763672
2025-12-19,2868.0,10.244510650634766,5.439499855041504,63.64285659790039,71.27900695800781,3.32906174659729,0.2800000011920929,106.91999816894533,12.720000267028809
2025-12-22,2850.25,10.343396186828612,5.4375,65.24163055419922,74.30999755859375,3.427847146987915,0.2849999964237213,106.94000244140624,13.149999618530272
2025-12-23,2857.5,10.481836318969728,5.47599983215332,66.19493103027344,74.88999938964844,3.447604179382324,0.3050000071525574,106.9499969482422,13.210000038146973
2025-12-24,2865.75,10.501612663269045,5.498499870300293,66.6318588256836,76.12999725341797,3.4673612117767334,0.3100000023841858,106.94000244140624,13.149999618530272
2025-12-26,2924.75,10.580720901489258,5.766499996185303,67.41634368896484,76.73999786376953,,,106.98999786376952,13.229999542236328
2025-12-29,2835.5,10.57083225250244,5.490499973297119,65.27142333984375,74.01000213623047,3.54638934135437,0.3400000035762787,107.08000183105467,12.920000076293944
2025-12-30,2899.25,10.75871467590332,5.727499961853027,65.23955535888672,74.0,3.4772398471832275,0.3350000083446502,107.12999725341795,13.100000381469728
2025-12-31,2906.25,10.808157920837402,5.630000114440918,64.58238220214844,73.91999816894531,3.516753911972046,0.3350000083446502,107.12999725341795,13.029999732971191
2026-01-02,2938.0,10.897154808044434,5.639999866485596,65.98634338378906,76.77999877929688,3.506875276565552,0.3400000035762787,107.16999816894533,13.260000228881836
2026-01-05,3010.0,11.213586807250977,5.924499988555908,67.12146759033203,79.70999908447266,3.615539312362671,0.3199999928474426,106.12999725341795,13.5600004196167
2026-01-06,3053.75,11.36191463470459,6.010499954223633,69.27222442626953,83.88999938964844,3.734081268310547,0.3549999892711639,106.79000091552734,14.170000076293944
2026-01-07,2993.75,11.183921813964844,5.809000015258789,68.6947021484375,85.01000213623047,3.7933523654937744,0.3499999940395355,108.4800033569336,14.260000228881836
2026-01-08,3001.25,12.172774314880373,5.746500015258789,67.78860473632812,82.44999694824219,3.76371693611145,0.324999988079071,107.6500015258789,14.06999969482422
2026-01-09,3037.0,11.905783653259276,5.855500221252441,67.91804504394531,84.9800033569336,3.803231000900269,0.324999988079071,108.02999877929688,13.970000267028809
2026-01-12,3086.25,12.419986724853516,5.985000133514404,69.70037841796875,88.83999633789062,3.852623701095581,0.3199999928474426,108.25,13.899999618530272
2026-01-13,3102.75,12.46942901611328,5.96999979019165,70.20819854736328,89.19999694824219,3.9118947982788086,0.3199999928474426,107.9000015258789,14.109999656677246
2026-01-14,3086.75,12.894636154174805,6.008999824523926,70.31773376464844,91.31999969482422,3.9118947982788086,0.3149999976158142,107.68000030517578,14.609999656677246
2026-01-15,3069.5,12.934189796447754,5.947999954223633,70.55670166015625,90.54000091552734,4.089707851409912,0.3100000023841858,107.38999938964844,14.670000076293944
2026-01-16,3034.75,12.69686508178711,5.78849983215332,69.3618392944336,89.18000030517578,4.1094651222229,0.3050000071525574,107.1500015258789,14.609999656677246
2026-01-19,,,,,,4.168735980987549,0.3050000071525574,,
2026-01-20,3015.75,12.825416564941406,5.7729997634887695,69.70037841796875,89.51000213623047,4.0995869636535645,0.2899999916553497,106.54000091552734,14.93000030517578
2026-01-21,3032.25,13.280288696289062,5.729499816894531,72.21955108642578,92.83999633789062,4.1292219161987305,0.2899999916553497,106.45999908447266,15.56999969482422
2026-01-22,3060.75,13.003409385681152,5.742499828338623,73.06591033935547,95.58000183105467,4.346549987792969,0.2899999916553497,106.41999816894533,15.739999771118164
2026-01-23,3097.5,13.468170166015623,5.910999774932861,74.43004608154297,98.45999908447266,4.336670875549316,0.2949999868869781,106.36000061035156,16.18000030517578
2026-01-26,3137.0,13.428616523742676,5.984000205993652,74.16120910644531,96.91000366210938,,,106.1500015258789,15.699999809265137
2026-01-27,3111.5,13.7944917678833,5.828499794006348,74.87812042236328,97.61000061035156,4.445334911346436,0.2899999916553497,106.02999877929688,16.440000534057617
2026-01-28,3165.75,13.764825820922852,5.892499923706055,74.41014099121094,97.5199966430664,4.504606246948242,0.270000010728836,105.8499984741211,16.760000228881836
2026-01-29,3138.5,13.893377304077148,6.17549991607666,73.30488586425781,93.52999877929688,4.623147964477539,0.25,105.7699966430664,16.940000534057617
2026-01-30,3034.5,13.428616523742676,5.896999835968018,69.65058898925781,85.62999725341797,4.563877105712891,0.2349999994039535,105.62000274658205,16.06999969482422
2026-02-02,2926.75,13.487947463989258,5.801499843597412,69.81986999511719,84.80999755859375,4.366306781768799,0.2349999994039535,102.66000366210938,16.139999389648438
2026-02-03,3015.0,14.031815528869627,6.0625,71.64202880859375,90.1999969482422,4.45521354675293,0.2349999994039535,102.16000366210938,17.0
2026-02-04,2973.25,13.34950828552246,5.826000213623047,70.48699951171875,87.05999755859375,4.731812000274658,0.2349999994039535,102.16999816894533,17.030000686645508
2026-02-05,2925.25,12.45954132080078,5.798999786376953,67.74877166748047,81.66000366210938,4.5441203117370605,0.2249999940395355,101.02999877929688,16.280000686645508
2026-02-06,3004.0,12.924301147460938,5.863500118255615,70.78571319580078,86.62999725341797,4.356428146362305,0.2150000035762787,100.11000061035156,16.299999237060547
2026-02-09,3028.75,13.517613410949709,5.945000171661377,71.98058319091797,88.73999786376953,4.494727611541748,0.2199999988079071,100.62999725341795,16.790000915527344
2026-02-10,3001.0,13.398950576782228,5.895999908447266,71.60221099853516,88.73999786376953,4.534241676330566,0.2349999994039535,100.83999633789062,16.739999771118164
2026-02-11,3023.0,13.537389755249023,5.948999881744385,73.43433380126953,91.91999816894533,4.603391170501709,0.2349999994039535,100.58999633789062,17.3799991607666
2026-02-12,3026.75,13.270400047302246,5.770999908447266,71.4428939819336,87.19999694824219,4.465092182159424,0.25,100.37000274658205,17.040000915527344
2026-02-13,3015.75,13.339619636535645,5.792500019073486,72.38882446289062,89.69999694824219,4.366306781768799,0.2399999946355819,99.66000366210938,16.649999618530273
2026-02-16,,,,,,4.356428146362305,0.2349999994039535,,
2026-02-17,2971.5,13.033075332641602,5.632999897003174,72.1598129272461,88.98999786376953,4.386064052581787,0.2349999994039535,99.73999786376952,15.899999618530272
2026-02-18,3017.0,13.557167053222656,5.793499946594238,73.52394104003906,91.4499969482422,4.336670875549316,0.2399999946355819,99.73999786376952,16.0
2026-02-19,2992.5,13.497835159301758,5.730000019073486,72.81697845458984,90.08999633789062,4.356428146362305,0.2300000041723251,99.61000061035156,16.100000381469727
2026-02-20,3021.75,13.537389755249023,5.830999851226807,72.8070297241211,89.0,4.336670875549316,0.2300000041723251,99.33000183105467,16.709999084472656
2026-02-23,3014.75,13.70549488067627,5.7729997634887695,73.46420288085938,91.31999969482422,4.386064052581787,0.2300000041723251,99.2699966430664,16.920000076293945
2026-02-24,3020.75,13.7944917678833,5.922999858856201,75.26644897460938,94.69000244140624,4.45521354675293,0.2300000041723251,99.1500015258789,17.030000686645508
2026-02-25,3081.75,14.31858253479004,5.979499816894531,76.7600326538086,98.1999969482422,4.524363040924072,0.2399999946355819,99.06999969482422,17.530000686645508
2026-02-26,3071.75,14.130701065063477,5.947000026702881,75.4456787109375,97.55999755859376,4.5441203117370605,0.2349999994039535,99.02999877929688,17.309999465942383
2026-02-27,3044.25,14.18014430999756,6.004499912261963,75.0772705078125,99.86000061035156,4.5441203117370605,0.2349999994039535,99.05999755859376,17.18000030517578
2026-03-02,3109.25,14.229586601257324,5.894499778747559,74.89804077148438,103.1999969482422,4.69229793548584,0.2300000041723251,99.80999755859376,16.989999771118164
2026-03-03,3165.75,13.932930946350098,5.773499965667725,70.04888153076172,94.93000030517578,4.514484882354736,0.2300000041723251,99.56999969482422,15.970000267028809
2026-03-04,3279.75,14.071370124816896,5.855000019073486,70.83550262451172,97.86000061035156,4.484848976135254,0.2199999988079071,100.05999755859376,16.059999465942383
2026-03-05,3215.75,13.537389755249023,5.752999782562256,68.84406280517578,93.4000015258789,4.610000133514404,0.2349999994039535,100.88999938964844,15.420000076293944
2026-03-06,3327.5,13.319842338562012,5.756999969482422,68.67478942871094,92.52999877929688,4.5,0.2349999994039535,101.91000366210938,14.970000267028809
2026-03-09,3292.0,13.626386642456056,5.80049991607666,71.12425994873047,94.6999969482422,4.269999980926514,0.2300000041723251,102.9000015258789,15.329999923706056
2026-03-10,3322.0,13.754937171936035,5.90399980545044,71.71173095703125,96.48999786376952,4.260000228881836,0.2300000041723251,103.22000122070312,15.630000114440918
2026-03-11,3369.5,13.932930946350098,5.8454999923706055,72.67758178710938,96.91999816894533,4.360000133514404,0.25,103.52999877929688,15.34000015258789
2026-03-12,3464.0,13.952707290649414,5.82450008392334,70.845458984375,93.80999755859376,4.349999904632568,0.2399999946355819,104.72000122070312,15.06999969482422
2026-03-13,3383.25,13.537389755249023,5.714499950408936,70.09867095947266,89.51000213623047,4.409999847412109,0.1700000017881393,105.13999938964844,14.68000030517578
2026-03-16,3289.5,13.616498947143556,5.790500164031982,71.31344604492188,90.0999984741211,4.159999847412109,0.1700000017881393,105.33999633789062,15.050000190734863
2026-03-17,3291.5,13.74504852294922,5.726500034332275,71.33335876464844,90.12000274658205,4.179999828338623,0.1749999970197677,105.7699966430664,15.100000381469728
2026-03-18,3282.25,13.616498947143556,5.553999900817871,69.1527328491211,86.66999816894531,4.179999828338623,0.1497849971055984,105.54000091552734,14.6899995803833
2026-03-19,3119.75,13.725272178649902,5.433000087738037,68.44577026367188,82.94999694824219,4.050000190734863,0.1453800052404403,105.63999938964844,14.630000114440918
2026-03-20,3102.0,13.576943397521973,5.34250020980835,66.69331359863281,79.0999984741211,3.9800000190734863,0.1365689933300018,105.88999938964844,14.050000190734863
2026-03-23,3076.0,13.774714469909668,5.439499855041504,69.59085083007812,83.62999725341797,3.849999904632568,0.1321640014648437,106.0,14.789999961853027
2026-03-24,3138.0,13.903265953063965,5.422500133514404,70.43721008300781,84.62000274658203,3.930000066757202,0.1277579963207245,106.0999984741211,14.869999885559082
2026-03-25,3135.0,14.23947525024414,5.52899980545044,71.71173095703125,89.1500015258789,4.110000133514404,0.1277579963207245,106.0199966430664,15.140000343322754
2026-03-26,3161.5,13.903265953063965,5.446499824523926,70.058837890625,84.5999984741211,4.079999923706055,0.1277579963207245,106.13999938964844,14.949999809265137
2026-03-27,3187.5,14.021927833557127,5.4670000076293945,71.60221099853516,86.0999984741211,4.03000020980835,0.125,106.22000122070312,15.029999732971191
2026-03-30,3336.25,14.27902889251709,5.47599983215332,72.19963836669922,85.4800033569336,4.409999847412109,0.1199999973177909,106.31999969482422,15.100000381469728
2026-03-31,3405.5,15.010780334472656,5.587500095367432,74.0317611694336,88.0,4.269999980926514,0.1299999952316284,106.37999725341795,15.90999984741211
2026-04-01,3452.25,14.832786560058594,5.624000072479248,74.12137603759766,88.52999877929688,4.480000019073486,0.125,107.51000213623048,16.049999237060547
2026-04-02,3411.0,14.664681434631348,5.563000202178955,73.85253143310547,88.9000015258789,4.420000076293945,0.1150000020861625,107.4499969482422,16.190000534057617
2026-04-06,3422.0,14.743789672851562,5.583499908447266,72.8070297241211,88.44000244140625,,,107.97000122070312,16.139999389648438
2026-04-07,3396.75,14.763566970825195,5.54449987411499,73.42436981201172,89.08999633789062,4.550000190734863,0.1199999973177909,108.31999969482422,16.18000030517578
2026-04-08,3374.25,14.93167209625244,5.759500026702881,76.38166046142578,93.5999984741211,4.570000171661377,0.1150000020861625,107.83000183105467,16.739999771118164
2026-04-09,3373.75,14.911894798278809,5.748000144958496,76.41152954101562,93.1999969482422,4.579999923706055,0.1099999994039535,106.2699966430664,16.649999618530273
2026-04-10,3429.75,15.030556678771973,5.870500087738037,77.56656646728516,94.5,4.630000114440918,0.1150000020861625,106.62999725341795,16.959999084472656
2026-04-13,3582.0,15.109664916992188,5.97599983215332,79.677490234375,99.01000213623048,4.619999885559082,0.1150000020861625,107.0500030517578,17.450000762939453
2026-04-14,3572.75,15.12944221496582,6.070499897003174,80.20523071289062,98.8000030517578,4.670000076293945,0.1150000020861625,106.37999725341795,17.68000030517578
2026-04-15,3613.75,14.882229804992676,6.072000026702881,79.29911804199219,97.44000244140624,4.630000114440918,0.1150000020861625,106.75,17.6200008392334
2026-04-16,3647.75,14.93167209625244,6.066500186920166,81.95768737792969,103.0500030517578,4.619999885559082,0.1199999973177909,107.11000061035156,17.43000030517578
2026-04-17,3596.75,14.733901023864746,6.103499889373779,82.8737564086914,101.62999725341795,4.53000020980835,0.1199999973177909,106.8499984741211,17.780000686645508
2026-04-20,3546.0,14.733901023864746,6.035999774932861,82.51529693603516,103.12000274658205,4.389999866485596,0.1199999973177909,107.08999633789062,17.81999969482422
2026-04-21,3555.25,14.486687660217283,6.001500129699707,82.67460632324219,100.5999984741211,4.409999847412109,0.125,107.0500030517578,17.450000762939453
2026-04-22,3599.0,14.961337089538574,6.119999885559082,84.40715789794922,103.8000030517578,4.5,0.1150000020861625,107.11000061035156,17.510000228881836
2026-04-23,3616.75,14.793232917785645,6.075500011444092,81.79837799072266,98.23999786376952,4.380000114440918,0.125,107.05999755859376,17.139999389648438
2026-04-24,3607.75,14.921783447265623,6.023499965667725,83.43135833740234,98.55999755859376,4.320000171661377,0.1150000020861625,107.0999984741211,17.170000076293945
2026-04-27,3579.75,14.71412467956543,6.01800012588501,84.58638763427734,100.9499969482422,4.389999866485596,0.1150000020861625,107.12999725341795,17.06999969482422
2026-04-28,3557.5,14.625127792358398,5.914500236511231,83.41143798828125,97.91000366210938,4.309999942779541,0.1099999994039535,107.12000274658205,16.90999984741211
2026-04-29,3466.75,14.971226692199709,5.878499984741211,84.70587921142578,101.04000091552734,4.260000228881836,0.1150000020861625,107.1500015258789,15.850000381469728
2026-04-30,3450.5,15.267881393432615,5.926000118255615,87.8623046875,105.43000030517578,4.03000020980835,0.1150000020861625,107.18000030517578,16.360000610351562
2026-05-01,3496.25,15.050333976745604,5.932000160217285,88.34025573730469,106.5199966430664,4.119999885559082,0.1150000020861625,107.86000061035156,16.18000030517578
2026-05-04,3489.5,14.951448440551758,5.795000076293945,86.74710845947266,102.12000274658205,4.090000152587891,0.1099999994039535,108.16999816894533,15.84000015258789
2026-05-05,3565.25,15.040445327758787,5.942999839782715,88.07140350341797,103.83000183105467,4.059999942779541,0.1099999994039535,108.58000183105467,15.93000030517578
2026-05-06,3498.0,15.2481050491333,6.136499881744385,91.12826538085938,109.04000091552734,4.139999866485596,0.1099999994039535,110.86000061035156,16.489999771118164
2026-05-07,3480.0,15.079999923706056,6.127500057220459,88.96755981445312,106.55999755859376,4.190000057220459,0.1150000020861625,110.9499969482422,16.190000534057617
2026-05-08,3507.0,15.40999984741211,6.249000072479248,89.78404998779297,106.37999725341795,4.139999866485596,0.1150000020861625,110.93000030517578,16.6299991607666
2026-05-11,3592.5,15.5,6.41349983215332,91.22784423828124,109.52999877929688,4.199999809265137,0.1049999967217445,111.41999816894533,17.06999969482422
2026-05-12,3652.5,15.699999809265137,6.485000133514404,89.08704376220703,108.02999877929688,4.349999904632568,0.1000000014901161,111.11000061035156,17.030000686645508
2026-05-13,3837.75,15.960000038146973,6.635499954223633,89.19657897949219,106.26000213623048,4.489999771118164,0.1099999994039535,111.27999877929688,16.84000015258789
2026-05-14,3892.0,15.920000076293944,6.567500114440918,86.57782745361328,99.8499984741211,4.440000057220459,0.1049999967217445,111.12000274658205,16.579999923706055
2026-05-15,3791.5,15.239999771118164,6.251500129699707,83.7201156616211,96.56999969482422,4.210000038146973,0.1049999967217445,110.7699966430664,16.31999969482422
2026-05-18,3850.0,15.31999969482422,6.271999835968018,82.67460632324219,94.69000244140624,4.03000020980835,0.1000000014901161,110.54000091552734,16.309999465942383
2026-05-19,3874.0,15.010000228881836,6.164999961853027,81.42996215820312,92.12999725341795,4.059999942779541,0.1049999967217445,110.33000183105467,16.010000228881836
2026-05-20,3910.75,15.1899995803833,6.290500164031982,83.13263702392578,95.18000030517578,4.039999961853027,0.0989999994635582,110.08999633789062,16.350000381469727
2026-05-21,3941.0,15.479999542236328,6.256999969482422,84.01882934570312,95.6999969482422,4.139999866485596,0.0989999994635582,109.79000091552734,16.469999313354492
2026-05-22,3963.5,15.359999656677246,6.3420000076293945,84.91497802734375,96.81999969482422,4.349999904632568,0.1000000014901161,109.66999816894533,16.479999542236328
2026-05-25,,,,,,4.420000076293945,0.1000000014901161,,
2026-05-26,4046.0,15.699999809265137,6.361000061035156,85.98040008544922,98.95999908447266,4.630000114440918,0.1000000014901161,109.26000213623048,16.5
2026-05-27,4195.0,15.460000038146973,6.304999828338623,85.16390991210938,98.02999877929688,4.789999961853027,0.0979999974370002,109.2699966430664,16.510000228881836
2026-05-28,3911.25,15.420000076293944,6.395999908447266,87.12547302246094,101.5,4.670000076293945,0.1000000014901161,109.04000091552734,16.549999237060547
2026-05-29,3917.75,15.15999984741211,6.359499931335449,86.7769775390625,99.62999725341795,4.809999942779541,0.0989999994635582,108.81999969482422,16.25
2026-06-01,3980.75,15.869999885559082,6.52400016784668,85.72150421142578,99.4499969482422,4.739999771118164,0.1150000020861625,105.02999877929688,16.299999237060547
2026-06-02,4054.25,16.610000610351562,6.649499893188477,86.03018951416016,102.18000030517578,4.820000171661377,0.125,105.12999725341795,16.81999969482422
2026-06-03,4026.25,16.229999542236328,6.480999946594238,84.49678039550781,98.31999969482422,4.909999847412109,0.1199999973177909,103.70999908447266,16.059999465942383
2026-06-04,3996.75,16.3799991607666,6.511000156402588,82.92353820800781,97.0,4.75,0.1150000020861625,101.95999908447266,15.770000457763672
2026-06-05,3950.25,15.539999961853027,6.263500213623047,77.96485900878906,88.58999633789062,4.630000114440918,0.1150000020861625,102.0,15.229999542236328
2026-06-08,3953.5,15.770000457763672,6.329500198364258,76.7600326538086,87.41999816894531,,,101.0500030517578,14.989999771118164
2026-06-09,3881.5,15.239999771118164,6.302499771118164,78.27352905273438,88.02999877929688,4.53000020980835,0.1150000020861625,101.37000274658205,15.140000343322754
2026-06-10,3779.75,14.9399995803833,6.249000072479248,76.21238708496094,85.12999725341797,4.480000019073486,0.1099999994039535,101.6999969482422,14.93000030517578
2026-06-11,3794.5,15.729999542236328,6.258999824523926,80.3944091796875,92.95999908447266,4.369999885559082,0.1099999994039535,101.5999984741211,15.359999656677246
2026-06-12,3858.75,15.779999732971191,6.430500030517578,82.0174331665039,95.5,4.519999980926514,0.125,101.62000274658205,15.710000038146973
2026-06-15,3696.0,15.539999961853027,6.482500076293945,83.7201156616211,96.88999938964844,4.46999979019165,0.1400000005960464,101.94000244140624,16.0
2026-06-16,3691.0,15.800000190734863,6.488999843597412,83.2421646118164,96.77999877929688,4.269999980926514,0.1299999952316284,101.66000366210938,15.979999542236328
2026-06-17,3719.0,15.130000114440918,6.481500148773193,82.71443939208984,96.04000091552734,4.289999961853027,0.125,101.27999877929688,15.529999732971191
2026-06-18,3693.75,14.9399995803833,6.374499797821045,81.79837799072266,95.5500030517578,4.25,0.125,101.13999938964844,15.420000076293944
2026-06-19,,,,,,4.130000114440918,0.1150000020861625,,
2026-06-22,3860.75,14.779999732971191,6.356500148773193,82.2165756225586,97.29000091552734,4.150000095367432,0.125,100.77999877929688,15.710000038146973
2026-06-23,3738.75,14.050000190734863,6.140999794006348,78.09429931640625,91.81999969482422,4.139999866485596,0.1199999973177909,100.52999877929688,15.3100004196167
2026-06-24,3585.75,13.529999732971191,5.942999839782715,78.57225036621094,90.66999816894533,4.059999942779541,0.1150000020861625,100.5199966430664,14.84000015258789
2026-06-25,3649.75,13.710000038146973,6.070499897003174,78.11421203613281,89.20999908447266,3.920000076293945,0.1099999994039535,100.37000274658205,15.119999885559082
2026-06-26,3697.5,13.43000030517578,6.141499996185303,75.60499572753906,86.52999877929688,3.910000085830689,0.1049999967217445,100.33000183105467,15.06999969482422
2026-06-29,3393.0,13.5600004196167,6.097499847412109,77.30999755859375,86.37999725341797,3.9800000190734863,0.1049999967217445,100.26000213623048,15.029999732971191
2026-06-30,3435.25,13.609999656677246,6.192500114440918,78.27999877929688,88.5,3.900000095367432,0.1049999967217445,100.1999969482422,15.039999961853027
2026-07-01,3384.0,13.43000030517578,6.123499870300293,77.97000122070312,87.66000366210938,4.28000020980835,0.1099999994039535,98.36000061035156,14.899999618530272
2026-07-02,3415.75,13.609999656677246,6.114500045776367,76.52999877929688,86.72000122070312,4.159999847412109,0.1150000020861625,98.25,14.989999771118164
2026-07-03,,,,,,4.159999847412109,0.1150000020861625,,
2026-07-06,3478.25,13.8100004196167,6.177999973297119,76.16999816894531,85.33999633789062,4.179999828338623,0.1150000020861625,98.3000030517578,15.09000015258789
2026-07-07,3503.75,13.520000457763672,6.171500205993652,73.80000305175781,81.05999755859375,4.0,0.1150000020861625,98.0199966430664,14.6899995803833
2026-07-08,3435.25,13.43000030517578,6.054500102996826,72.12000274658203,79.6500015258789,3.9600000381469727,0.1150000020861625,98.86000061035156,14.050000190734863
2026-07-09,3489.0,13.789999961853027,6.215000152587891,72.81999969482422,80.02999877929688,3.819999933242798,0.1150000020861625,98.56999969482422,14.220000267028809
2026-07-10,3409.75,13.670000076293944,6.233500003814697,72.31999969482422,79.76000213623047,4.019999980926514,0.1199999973177909,98.72000122070312,14.460000038146973
2026-07-13,3428.0,13.609999656677246,6.232999801635742,70.23999786376953,76.2699966430664,3.9700000286102295,0.1150000020861625,98.30999755859376,14.18000030517578
2026-07-14,3448.0,14.130000114440918,6.329999923706055,71.58000183105469,79.13999938964844,4.050000190734863,0.1150000020861625,98.91999816894533,14.59000015258789
2026-07-15,3455.5,14.079999923706056,6.293499946594238,71.05999755859375,76.6500015258789,4.059999942779541,0.1199999973177909,98.87999725341795,14.670000076293944
2026-07-16,3485.5,13.800000190734863,6.296000003814697,68.86000061035156,73.2300033569336,4.039999961853027,0.1150000020861625,98.80999755859376,14.220000267028809
2026-07-17,3529.0,13.890000343322754,6.21999979019165,68.37999725341797,72.66999816894531,3.900000095367432,0.1099999994039535,98.87999725341795,14.1899995803833
2026-07-20,3532.75,13.68000030517578,6.298999786376953,66.91999816894531,69.8499984741211,4.079999923706055,0.1099999994039535,98.6999969482422,14.100000381469728
2026-07-21,3579.25,14.039999961853027,6.511000156402588,69.08000183105469,71.94999694824219,4.349999904632568,0.1099999994039535,98.6500015258789,14.25
2026-07-22,3559.5,14.34000015258789,6.451000213623047,69.0,70.95999908447266,4.550000190734863,0.1099999994039535,98.37999725341795,14.850000381469728
2026-07-23,,14.300000190734863,,69.0199966430664,69.52999877929688,,,,14.829999923706056
2026-07-24,,14.279999732971191,,67.80999755859375,67.51000213623047,,,,14.789999961853027
2026-07-26,3448.75,,6.364500045776367,,,,,,
